payment_id,customer_id,payment_date,amount,plan,payment_method,status
PAY00001,CUST0001,2023-02-01,49.0,Starter,PayPal,Paid
PAY00002,CUST0001,2023-03-01,49.0,Starter,PayPal,Paid
PAY00003,CUST0001,2023-04-01,49.0,Starter,PayPal,Paid
PAY00004,CUST0001,2023-05-01,49.0,Starter,Bank Transfer,Paid
PAY00005,CUST0001,2023-06-01,49.0,Starter,PayPal,Paid
PAY00006,CUST0001,2023-07-01,49.0,Starter,Credit Card,Paid
PAY00007,CUST0001,2023-08-01,49.0,Starter,Bank Transfer,Paid
PAY00008,CUST0001,2023-09-01,49.0,Starter,Bank Transfer,Paid
PAY00009,CUST0001,2023-10-01,49.0,Starter,PayPal,Paid
PAY00010,CUST0002,2023-04-01,49.0,Starter,Bank Transfer,Paid
PAY00011,CUST0002,2023-05-01,49.0,Starter,PayPal,Paid
PAY00012,CUST0002,2023-06-01,49.0,Starter,Credit Card,Paid
PAY00013,CUST0002,2023-07-01,49.0,Starter,Bank Transfer,Paid
PAY00014,CUST0002,2023-08-01,49.0,Starter,PayPal,Paid
PAY00015,CUST0002,2023-09-01,49.0,Starter,Bank Transfer,Paid
PAY00016,CUST0002,2023-10-01,49.0,Starter,Bank Transfer,Paid
PAY00017,CUST0002,2023-11-01,49.0,Starter,Credit Card,Paid
PAY00018,CUST0002,2023-12-01,49.0,Starter,PayPal,Paid
PAY00019,CUST0003,2023-10-01,49.0,Starter,PayPal,Paid
PAY00020,CUST0003,2023-11-01,49.0,Starter,Credit Card,Paid
PAY00021,CUST0003,2023-12-01,49.0,Starter,Credit Card,Paid
PAY00022,CUST0004,2023-01-01,49.0,Starter,PayPal,Paid
PAY00023,CUST0004,2023-02-01,49.0,Starter,Bank Transfer,Paid
PAY00024,CUST0004,2023-03-01,49.0,Starter,Credit Card,Paid
PAY00025,CUST0004,2023-04-01,49.0,Starter,Credit Card,Paid
PAY00026,CUST0004,2023-05-01,49.0,Starter,Bank Transfer,Paid
PAY00027,CUST0004,2023-06-01,49.0,Starter,PayPal,Paid
PAY00028,CUST0004,2023-07-01,49.0,Starter,Bank Transfer,Paid
PAY00029,CUST0004,2023-08-01,49.0,Starter,Credit Card,Paid
PAY00030,CUST0005,2023-01-01,149.0,Growth,Bank Transfer,Paid
PAY00031,CUST0005,2023-02-01,149.0,Growth,PayPal,Paid
PAY00032,CUST0005,2023-03-01,149.0,Growth,Credit Card,Paid
PAY00033,CUST0005,2023-04-01,149.0,Growth,Bank Transfer,Paid
PAY00034,CUST0005,2023-05-01,149.0,Growth,PayPal,Paid
PAY00035,CUST0005,2023-06-01,149.0,Growth,PayPal,Paid
PAY00036,CUST0005,2023-07-01,149.0,Growth,PayPal,Paid
PAY00037,CUST0005,2023-08-01,149.0,Growth,PayPal,Paid
PAY00038,CUST0005,2023-09-01,149.0,Growth,PayPal,Paid
PAY00039,CUST0005,2023-10-01,149.0,Growth,PayPal,Paid
PAY00040,CUST0005,2023-11-01,149.0,Growth,Credit Card,Paid
PAY00041,CUST0005,2023-12-01,149.0,Growth,PayPal,Paid
PAY00042,CUST0006,2023-08-01,149.0,Growth,PayPal,Paid
PAY00043,CUST0006,2023-09-01,149.0,Growth,PayPal,Paid
PAY00044,CUST0006,2023-10-01,149.0,Growth,Bank Transfer,Paid
PAY00045,CUST0006,2023-11-01,149.0,Growth,Credit Card,Paid
PAY00046,CUST0006,2023-12-01,149.0,Growth,Credit Card,Paid
PAY00047,CUST0007,2023-08-01,49.0,Starter,Bank Transfer,Paid
PAY00048,CUST0007,2023-09-01,49.0,Starter,PayPal,Paid
PAY00049,CUST0007,2023-10-01,49.0,Starter,Bank Transfer,Paid
PAY00050,CUST0007,2023-11-01,49.0,Starter,Bank Transfer,Paid
PAY00051,CUST0007,2023-12-01,49.0,Starter,Bank Transfer,Paid
PAY00052,CUST0008,2023-06-01,49.0,Starter,Credit Card,Paid
PAY00053,CUST0008,2023-07-01,49.0,Starter,Credit Card,Paid
PAY00054,CUST0008,2023-08-01,49.0,Starter,Credit Card,Paid
PAY00055,CUST0008,2023-09-01,49.0,Starter,PayPal,Paid
PAY00056,CUST0008,2023-10-01,49.0,Starter,PayPal,Paid
PAY00057,CUST0008,2023-11-01,49.0,Starter,Bank Transfer,Paid
PAY00058,CUST0008,2023-12-01,49.0,Starter,Credit Card,Paid
PAY00059,CUST0009,2023-07-01,149.0,Growth,Credit Card,Paid
PAY00060,CUST0009,2023-08-01,149.0,Growth,PayPal,Paid
PAY00061,CUST0009,2023-09-01,149.0,Growth,PayPal,Paid
PAY00062,CUST0009,2023-10-01,499,Growth,Credit Card,Paid
PAY00063,CUST0009,2023-11-01,499,Growth,Credit Card,Paid
PAY00064,CUST0009,2023-12-01,499,Growth,PayPal,Paid
PAY00065,CUST0010,2023-08-01,149.0,Growth,PayPal,Paid
PAY00066,CUST0010,2023-09-01,149.0,Growth,Credit Card,Paid
PAY00067,CUST0010,2023-10-01,149.0,Growth,Bank Transfer,Paid
PAY00068,CUST0010,2023-11-01,149.0,Growth,Bank Transfer,Paid
PAY00069,CUST0010,2023-12-01,149.0,Growth,Bank Transfer,Paid
PAY00070,CUST0011,2023-10-01,49.0,Starter,Bank Transfer,Paid
PAY00071,CUST0011,2023-11-01,49.0,Starter,Credit Card,Paid
PAY00072,CUST0011,2023-12-01,49.0,Starter,Bank Transfer,Paid
PAY00073,CUST0012,2023-04-01,149.0,Growth,Bank Transfer,Paid
PAY00074,CUST0012,2023-05-01,149.0,Growth,PayPal,Paid
PAY00075,CUST0012,2023-06-01,149.0,Growth,Bank Transfer,Paid
PAY00076,CUST0012,2023-07-01,149.0,Growth,PayPal,Paid
PAY00077,CUST0012,2023-08-01,149.0,Growth,PayPal,Paid
PAY00078,CUST0012,2023-09-01,149.0,Growth,Credit Card,Paid
PAY00079,CUST0012,2023-10-01,149.0,Growth,Credit Card,Paid
PAY00080,CUST0012,2023-11-01,149.0,Growth,Credit Card,Paid
PAY00081,CUST0012,2023-12-01,149.0,Growth,Credit Card,Paid
PAY00082,CUST0013,2023-04-01,149.0,Growth,PayPal,Paid
PAY00083,CUST0013,2023-05-01,149.0,Growth,Credit Card,Paid
PAY00084,CUST0013,2023-06-01,149.0,Growth,PayPal,Paid
PAY00085,CUST0013,2023-07-01,149.0,Growth,Credit Card,Paid
PAY00086,CUST0013,2023-08-01,499,Growth,Bank Transfer,Paid
PAY00087,CUST0013,2023-09-01,499,Growth,Bank Transfer,Paid
PAY00088,CUST0013,2023-10-01,499,Growth,PayPal,Paid
PAY00089,CUST0013,2023-11-01,499,Growth,Bank Transfer,Paid
PAY00090,CUST0013,2023-12-01,499,Growth,Bank Transfer,Paid
PAY00091,CUST0014,2023-02-01,49.0,Starter,PayPal,Paid
PAY00092,CUST0014,2023-03-01,49.0,Starter,Bank Transfer,Paid
PAY00093,CUST0014,2023-04-01,49.0,Starter,Bank Transfer,Paid
PAY00094,CUST0014,2023-05-01,49.0,Starter,Bank Transfer,Paid
PAY00095,CUST0014,2023-06-01,49.0,Starter,Credit Card,Paid
PAY00096,CUST0014,2023-07-01,49.0,Starter,PayPal,Paid
PAY00097,CUST0014,2023-08-01,49.0,Starter,Credit Card,Paid
PAY00098,CUST0014,2023-09-01,49.0,Starter,Bank Transfer,Paid
PAY00099,CUST0014,2023-10-01,49.0,Starter,Bank Transfer,Paid
PAY00100,CUST0014,2023-11-01,49.0,Starter,Credit Card,Paid
PAY00101,CUST0014,2023-12-01,49.0,Starter,Bank Transfer,Paid
PAY00102,CUST0015,2023-07-01,49.0,Starter,PayPal,Paid
PAY00103,CUST0015,2023-08-01,49.0,Starter,PayPal,Paid
PAY00104,CUST0015,2023-09-01,49.0,Starter,PayPal,Paid
PAY00105,CUST0015,2023-10-01,49.0,Starter,Bank Transfer,Paid
PAY00106,CUST0015,2023-11-01,49.0,Starter,PayPal,Paid
PAY00107,CUST0015,2023-12-01,149,Starter,PayPal,Paid
PAY00108,CUST0016,2023-05-01,149.0,Growth,Bank Transfer,Paid
PAY00109,CUST0016,2023-06-01,149.0,Growth,Credit Card,Paid
PAY00110,CUST0016,2023-07-01,149.0,Growth,Credit Card,Paid
PAY00111,CUST0016,2023-08-01,149.0,Growth,Bank Transfer,Paid
PAY00112,CUST0016,2023-09-01,149.0,Growth,PayPal,Paid
PAY00113,CUST0016,2023-10-01,149.0,Growth,Credit Card,Paid
PAY00114,CUST0016,2023-11-01,149.0,Growth,Credit Card,Paid
PAY00115,CUST0016,2023-12-01,149.0,Growth,Credit Card,Paid
PAY00116,CUST0017,2023-03-01,149.0,Growth,Bank Transfer,Paid
PAY00117,CUST0017,2023-04-01,149.0,Growth,Credit Card,Paid
PAY00118,CUST0017,2023-05-01,149.0,Growth,Credit Card,Paid
PAY00119,CUST0017,2023-06-01,149.0,Growth,Bank Transfer,Paid
PAY00120,CUST0017,2023-07-01,149.0,Growth,Bank Transfer,Paid
PAY00121,CUST0018,2023-08-01,49.0,Starter,Bank Transfer,Paid
PAY00122,CUST0018,2023-09-01,49.0,Starter,Credit Card,Paid
PAY00123,CUST0018,2023-10-01,49.0,Starter,Credit Card,Paid
PAY00124,CUST0018,2023-11-01,49.0,Starter,Bank Transfer,Paid
PAY00125,CUST0018,2023-12-01,49.0,Starter,PayPal,Paid
PAY00126,CUST0019,2023-06-01,149.0,Growth,Bank Transfer,Paid
PAY00127,CUST0019,2023-07-01,149.0,Growth,Credit Card,Paid
PAY00128,CUST0019,2023-08-01,149.0,Growth,Credit Card,Paid
PAY00129,CUST0020,2023-01-01,149.0,Growth,Bank Transfer,Paid
PAY00130,CUST0020,2023-02-01,149.0,Growth,PayPal,Paid
PAY00131,CUST0020,2023-03-01,149.0,Growth,PayPal,Paid
PAY00132,CUST0020,2023-04-01,149.0,Growth,Credit Card,Paid
PAY00133,CUST0020,2023-05-01,149.0,Growth,PayPal,Paid
PAY00134,CUST0020,2023-06-01,149.0,Growth,PayPal,Paid
PAY00135,CUST0020,2023-07-01,149.0,Growth,PayPal,Paid
PAY00136,CUST0020,2023-08-01,149.0,Growth,Bank Transfer,Paid
PAY00137,CUST0020,2023-09-01,149.0,Growth,Credit Card,Paid
PAY00138,CUST0020,2023-10-01,149.0,Growth,Bank Transfer,Paid
PAY00139,CUST0020,2023-11-01,149.0,Growth,PayPal,Paid
PAY00140,CUST0020,2023-12-01,149.0,Growth,Credit Card,Paid
PAY00141,CUST0021,2023-02-01,49.0,Starter,Bank Transfer,Paid
PAY00142,CUST0021,2023-03-01,49.0,Starter,Credit Card,Paid
PAY00143,CUST0021,2023-04-01,49.0,Starter,Bank Transfer,Paid
PAY00144,CUST0021,2023-05-01,49.0,Starter,Credit Card,Paid
PAY00145,CUST0021,2023-06-01,49.0,Starter,Bank Transfer,Paid
PAY00146,CUST0021,2023-07-01,49.0,Starter,PayPal,Paid
PAY00147,CUST0021,2023-08-01,49.0,Starter,Bank Transfer,Paid
PAY00148,CUST0021,2023-09-01,49.0,Starter,PayPal,Paid
PAY00149,CUST0021,2023-10-01,49.0,Starter,Bank Transfer,Paid
PAY00150,CUST0021,2023-11-01,49.0,Starter,PayPal,Paid
PAY00151,CUST0021,2023-12-01,49.0,Starter,PayPal,Paid
PAY00152,CUST0022,2023-09-01,49.0,Starter,Bank Transfer,Paid
PAY00153,CUST0022,2023-10-01,49.0,Starter,Bank Transfer,Paid
PAY00154,CUST0022,2023-11-01,49.0,Starter,Credit Card,Paid
PAY00155,CUST0022,2023-12-01,49.0,Starter,Bank Transfer,Paid
PAY00156,CUST0023,2023-05-01,49.0,Starter,Credit Card,Paid
PAY00157,CUST0023,2023-06-01,49.0,Starter,Bank Transfer,Paid
PAY00158,CUST0023,2023-07-01,49.0,Starter,Credit Card,Paid
PAY00159,CUST0023,2023-08-01,49.0,Starter,PayPal,Paid
PAY00160,CUST0023,2023-09-01,49.0,Starter,Bank Transfer,Paid
PAY00161,CUST0023,2023-10-01,49.0,Starter,PayPal,Paid
PAY00162,CUST0023,2023-11-01,49.0,Starter,Bank Transfer,Paid
PAY00163,CUST0023,2023-12-01,49.0,Starter,Credit Card,Paid
PAY00164,CUST0024,2023-10-01,49.0,Starter,Bank Transfer,Paid
PAY00165,CUST0024,2023-11-01,49.0,Starter,Credit Card,Paid
PAY00166,CUST0024,2023-12-01,49.0,Starter,Credit Card,Paid
PAY00167,CUST0025,2023-04-01,499.0,Enterprise,Bank Transfer,Paid
PAY00168,CUST0025,2023-05-01,499.0,Enterprise,PayPal,Paid
PAY00169,CUST0025,2023-06-01,499.0,Enterprise,Bank Transfer,Paid
PAY00170,CUST0025,2023-07-01,499.0,Enterprise,PayPal,Paid
PAY00171,CUST0025,2023-08-01,499.0,Enterprise,Credit Card,Paid
PAY00172,CUST0025,2023-09-01,499.0,Enterprise,Bank Transfer,Paid
PAY00173,CUST0025,2023-10-01,499.0,Enterprise,Bank Transfer,Paid
PAY00174,CUST0025,2023-11-01,499.0,Enterprise,PayPal,Paid
PAY00175,CUST0025,2023-12-01,499.0,Enterprise,Bank Transfer,Paid
PAY00176,CUST0026,2023-09-01,49.0,Starter,Credit Card,Paid
PAY00177,CUST0026,2023-10-01,49.0,Starter,Bank Transfer,Paid
PAY00178,CUST0026,2023-11-01,49.0,Starter,Credit Card,Paid
PAY00179,CUST0026,2023-12-01,49.0,Starter,Credit Card,Paid
PAY00180,CUST0027,2023-03-01,149.0,Growth,PayPal,Paid
PAY00181,CUST0027,2023-04-01,149.0,Growth,PayPal,Paid
PAY00182,CUST0027,2023-05-01,149.0,Growth,Credit Card,Paid
PAY00183,CUST0027,2023-06-01,149.0,Growth,PayPal,Paid
PAY00184,CUST0027,2023-07-01,149.0,Growth,PayPal,Paid
PAY00185,CUST0027,2023-08-01,149.0,Growth,Credit Card,Paid
PAY00186,CUST0027,2023-09-01,149.0,Growth,Bank Transfer,Paid
PAY00187,CUST0027,2023-10-01,149.0,Growth,Bank Transfer,Paid
PAY00188,CUST0027,2023-11-01,149.0,Growth,PayPal,Paid
PAY00189,CUST0027,2023-12-01,149.0,Growth,PayPal,Paid
PAY00190,CUST0028,2023-02-01,49.0,Starter,Credit Card,Paid
PAY00191,CUST0028,2023-03-01,49.0,Starter,Credit Card,Paid
PAY00192,CUST0028,2023-04-01,49.0,Starter,Credit Card,Paid
PAY00193,CUST0028,2023-05-01,49.0,Starter,Credit Card,Paid
PAY00194,CUST0028,2023-06-01,49.0,Starter,Bank Transfer,Paid
PAY00195,CUST0029,2023-05-01,499.0,Enterprise,Credit Card,Paid
PAY00196,CUST0029,2023-06-01,499.0,Enterprise,Credit Card,Paid
PAY00197,CUST0029,2023-07-01,499.0,Enterprise,PayPal,Paid
PAY00198,CUST0029,2023-08-01,499.0,Enterprise,Credit Card,Paid
PAY00199,CUST0029,2023-09-01,499.0,Enterprise,PayPal,Paid
PAY00200,CUST0029,2023-10-01,499.0,Enterprise,Credit Card,Paid
PAY00201,CUST0029,2023-11-01,499.0,Enterprise,Credit Card,Paid
PAY00202,CUST0029,2023-12-01,499.0,Enterprise,PayPal,Paid
PAY00203,CUST0030,2023-02-01,149.0,Growth,Bank Transfer,Paid
PAY00204,CUST0030,2023-03-01,149.0,Growth,Bank Transfer,Paid
PAY00205,CUST0030,2023-04-01,149.0,Growth,PayPal,Paid
PAY00206,CUST0030,2023-05-01,149.0,Growth,PayPal,Paid
PAY00207,CUST0030,2023-06-01,149.0,Growth,Bank Transfer,Paid
PAY00208,CUST0030,2023-07-01,499,Growth,PayPal,Paid
PAY00209,CUST0030,2023-08-01,499,Growth,PayPal,Paid
PAY00210,CUST0030,2023-09-01,499,Growth,PayPal,Paid
PAY00211,CUST0030,2023-10-01,499,Growth,PayPal,Paid
PAY00212,CUST0030,2023-11-01,499,Growth,PayPal,Paid
PAY00213,CUST0030,2023-12-01,499,Growth,Bank Transfer,Paid
PAY00214,CUST0031,2023-06-01,49.0,Starter,PayPal,Paid
PAY00215,CUST0031,2023-07-01,49.0,Starter,Bank Transfer,Paid
PAY00216,CUST0031,2023-08-01,49.0,Starter,Credit Card,Paid
PAY00217,CUST0031,2023-09-01,49.0,Starter,Bank Transfer,Paid
PAY00218,CUST0031,2023-10-01,49.0,Starter,Credit Card,Paid
PAY00219,CUST0031,2023-11-01,49.0,Starter,Bank Transfer,Paid
PAY00220,CUST0031,2023-12-01,49.0,Starter,Bank Transfer,Paid
PAY00221,CUST0032,2023-08-01,49.0,Starter,PayPal,Paid
PAY00222,CUST0032,2023-09-01,49.0,Starter,Bank Transfer,Paid
PAY00223,CUST0032,2023-10-01,49.0,Starter,Bank Transfer,Paid
PAY00224,CUST0032,2023-11-01,49.0,Starter,PayPal,Paid
PAY00225,CUST0032,2023-12-01,49.0,Starter,Credit Card,Paid
PAY00226,CUST0033,2023-04-01,149.0,Growth,Bank Transfer,Paid
PAY00227,CUST0033,2023-05-01,149.0,Growth,PayPal,Paid
PAY00228,CUST0033,2023-06-01,149.0,Growth,Credit Card,Paid
PAY00229,CUST0033,2023-07-01,149.0,Growth,Bank Transfer,Paid
PAY00230,CUST0033,2023-08-01,149.0,Growth,Bank Transfer,Paid
PAY00231,CUST0033,2023-09-01,149.0,Growth,Bank Transfer,Paid
PAY00232,CUST0033,2023-10-01,149.0,Growth,Credit Card,Paid
PAY00233,CUST0034,2023-06-01,149.0,Growth,Credit Card,Paid
PAY00234,CUST0034,2023-07-01,149.0,Growth,Bank Transfer,Paid
PAY00235,CUST0034,2023-08-01,149.0,Growth,Bank Transfer,Paid
PAY00236,CUST0034,2023-09-01,149.0,Growth,Credit Card,Paid
PAY00237,CUST0034,2023-10-01,149.0,Growth,PayPal,Paid
PAY00238,CUST0034,2023-11-01,149.0,Growth,Credit Card,Paid
PAY00239,CUST0034,2023-12-01,149.0,Growth,PayPal,Paid
PAY00240,CUST0035,2023-07-01,149.0,Growth,PayPal,Paid
PAY00241,CUST0035,2023-08-01,149.0,Growth,PayPal,Paid
PAY00242,CUST0035,2023-09-01,149.0,Growth,Bank Transfer,Paid
PAY00243,CUST0035,2023-10-01,149.0,Growth,Bank Transfer,Paid
PAY00244,CUST0035,2023-11-01,149.0,Growth,PayPal,Paid
PAY00245,CUST0035,2023-12-01,149.0,Growth,PayPal,Paid
PAY00246,CUST0036,2023-06-01,49.0,Starter,PayPal,Paid
PAY00247,CUST0036,2023-07-01,49.0,Starter,Credit Card,Paid
PAY00248,CUST0036,2023-08-01,49.0,Starter,Bank Transfer,Paid
PAY00249,CUST0036,2023-09-01,49.0,Starter,PayPal,Paid
PAY00250,CUST0036,2023-10-01,49.0,Starter,PayPal,Paid
PAY00251,CUST0037,2023-06-01,49.0,Starter,Credit Card,Paid
PAY00252,CUST0037,2023-07-01,49.0,Starter,Bank Transfer,Paid
PAY00253,CUST0037,2023-08-01,49.0,Starter,PayPal,Paid
PAY00254,CUST0037,2023-09-01,49.0,Starter,Bank Transfer,Paid
PAY00255,CUST0037,2023-10-01,49.0,Starter,PayPal,Paid
PAY00256,CUST0037,2023-11-01,49.0,Starter,Credit Card,Paid
PAY00257,CUST0037,2023-12-01,49.0,Starter,Credit Card,Paid
PAY00258,CUST0038,2023-02-01,49.0,Starter,Bank Transfer,Paid
PAY00259,CUST0038,2023-03-01,49.0,Starter,Credit Card,Paid
PAY00260,CUST0038,2023-04-01,49.0,Starter,Bank Transfer,Paid
PAY00261,CUST0038,2023-05-01,49.0,Starter,PayPal,Paid
PAY00262,CUST0038,2023-06-01,49.0,Starter,Credit Card,Paid
PAY00263,CUST0038,2023-07-01,49.0,Starter,PayPal,Paid
PAY00264,CUST0038,2023-08-01,49.0,Starter,PayPal,Paid
PAY00265,CUST0038,2023-09-01,49.0,Starter,Credit Card,Paid
PAY00266,CUST0038,2023-10-01,49.0,Starter,Credit Card,Paid
PAY00267,CUST0038,2023-11-01,49.0,Starter,Credit Card,Paid
PAY00268,CUST0038,2023-12-01,49.0,Starter,PayPal,Paid
PAY00269,CUST0039,2023-09-01,149.0,Growth,Bank Transfer,Paid
PAY00270,CUST0039,2023-10-01,149.0,Growth,Bank Transfer,Paid
PAY00271,CUST0039,2023-11-01,149.0,Growth,PayPal,Paid
PAY00272,CUST0039,2023-12-01,149.0,Growth,PayPal,Paid
PAY00273,CUST0040,2023-09-01,499.0,Enterprise,PayPal,Paid
PAY00274,CUST0040,2023-10-01,499.0,Enterprise,Credit Card,Paid
PAY00275,CUST0040,2023-11-01,499.0,Enterprise,Bank Transfer,Paid
PAY00276,CUST0040,2023-12-01,499.0,Enterprise,Bank Transfer,Paid
PAY00277,CUST0041,2023-09-01,499.0,Enterprise,Bank Transfer,Paid
PAY00278,CUST0041,2023-10-01,499.0,Enterprise,Bank Transfer,Paid
PAY00279,CUST0041,2023-11-01,499.0,Enterprise,Bank Transfer,Paid
PAY00280,CUST0041,2023-12-01,499.0,Enterprise,Bank Transfer,Paid
PAY00281,CUST0042,2023-10-01,149.0,Growth,PayPal,Paid
PAY00282,CUST0042,2023-11-01,149.0,Growth,PayPal,Paid
PAY00283,CUST0042,2023-12-01,149.0,Growth,Credit Card,Paid
PAY00284,CUST0043,2023-06-01,49.0,Starter,PayPal,Paid
PAY00285,CUST0043,2023-07-01,49.0,Starter,PayPal,Paid
PAY00286,CUST0043,2023-08-01,49.0,Starter,Bank Transfer,Paid
PAY00287,CUST0043,2023-09-01,49.0,Starter,Credit Card,Paid
PAY00288,CUST0043,2023-10-01,49.0,Starter,Bank Transfer,Paid
PAY00289,CUST0043,2023-11-01,49.0,Starter,Credit Card,Paid
PAY00290,CUST0043,2023-12-01,49.0,Starter,PayPal,Paid
PAY00291,CUST0044,2023-09-01,49.0,Starter,PayPal,Paid
PAY00292,CUST0044,2023-10-01,49.0,Starter,Bank Transfer,Paid
PAY00293,CUST0044,2023-11-01,49.0,Starter,Bank Transfer,Paid
PAY00294,CUST0044,2023-12-01,49.0,Starter,Bank Transfer,Paid
PAY00295,CUST0045,2023-02-01,49.0,Starter,PayPal,Paid
PAY00296,CUST0045,2023-03-01,49.0,Starter,PayPal,Paid
PAY00297,CUST0045,2023-04-01,49.0,Starter,PayPal,Paid
PAY00298,CUST0045,2023-05-01,49.0,Starter,Credit Card,Paid
PAY00299,CUST0045,2023-06-01,49.0,Starter,Bank Transfer,Paid
PAY00300,CUST0045,2023-07-01,49.0,Starter,Credit Card,Paid
PAY00301,CUST0045,2023-08-01,49.0,Starter,PayPal,Paid
PAY00302,CUST0045,2023-09-01,49.0,Starter,PayPal,Paid
PAY00303,CUST0045,2023-10-01,49.0,Starter,Credit Card,Paid
PAY00304,CUST0045,2023-11-01,49.0,Starter,Bank Transfer,Paid
PAY00305,CUST0045,2023-12-01,49.0,Starter,Bank Transfer,Paid
PAY00306,CUST0046,2023-04-01,49.0,Starter,PayPal,Paid
PAY00307,CUST0046,2023-05-01,49.0,Starter,PayPal,Paid
PAY00308,CUST0046,2023-06-01,49.0,Starter,PayPal,Paid
PAY00309,CUST0046,2023-07-01,49.0,Starter,Bank Transfer,Paid
PAY00310,CUST0046,2023-08-01,49.0,Starter,Credit Card,Paid
PAY00311,CUST0046,2023-09-01,49.0,Starter,PayPal,Paid
PAY00312,CUST0046,2023-10-01,49.0,Starter,PayPal,Paid
PAY00313,CUST0046,2023-11-01,49.0,Starter,Credit Card,Paid
PAY00314,CUST0046,2023-12-01,49.0,Starter,Bank Transfer,Paid
PAY00315,CUST0047,2023-02-01,499.0,Enterprise,PayPal,Paid
PAY00316,CUST0047,2023-03-01,499.0,Enterprise,Bank Transfer,Paid
PAY00317,CUST0047,2023-04-01,499.0,Enterprise,PayPal,Paid
PAY00318,CUST0047,2023-05-01,499.0,Enterprise,Bank Transfer,Paid
PAY00319,CUST0047,2023-06-01,499.0,Enterprise,Credit Card,Paid
PAY00320,CUST0047,2023-07-01,499.0,Enterprise,PayPal,Paid
PAY00321,CUST0047,2023-08-01,499.0,Enterprise,PayPal,Paid
PAY00322,CUST0047,2023-09-01,499.0,Enterprise,PayPal,Paid
PAY00323,CUST0047,2023-10-01,499.0,Enterprise,PayPal,Paid
PAY00324,CUST0047,2023-11-01,499.0,Enterprise,PayPal,Paid
PAY00325,CUST0047,2023-12-01,499.0,Enterprise,Credit Card,Paid
PAY00326,CUST0048,2023-09-01,49.0,Starter,PayPal,Paid
PAY00327,CUST0048,2023-10-01,49.0,Starter,PayPal,Paid
PAY00328,CUST0048,2023-11-01,49.0,Starter,Bank Transfer,Paid
PAY00329,CUST0048,2023-12-01,49.0,Starter,PayPal,Paid
PAY00330,CUST0049,2023-10-01,49.0,Starter,Bank Transfer,Paid
PAY00331,CUST0049,2023-11-01,49.0,Starter,Credit Card,Paid
PAY00332,CUST0049,2023-12-01,49.0,Starter,Bank Transfer,Paid
PAY00333,CUST0050,2023-08-01,149.0,Growth,Bank Transfer,Paid
PAY00334,CUST0050,2023-09-01,149.0,Growth,Credit Card,Paid
PAY00335,CUST0050,2023-10-01,149.0,Growth,Credit Card,Paid
PAY00336,CUST0050,2023-11-01,149.0,Growth,Bank Transfer,Paid
PAY00337,CUST0050,2023-12-01,149.0,Growth,Bank Transfer,Paid
PAY00338,CUST0051,2023-02-01,149.0,Growth,Credit Card,Paid
PAY00339,CUST0051,2023-03-01,149.0,Growth,Credit Card,Paid
PAY00340,CUST0051,2023-04-01,149.0,Growth,Credit Card,Paid
PAY00341,CUST0051,2023-05-01,149.0,Growth,Credit Card,Paid
PAY00342,CUST0051,2023-06-01,149.0,Growth,Credit Card,Paid
PAY00343,CUST0051,2023-07-01,149.0,Growth,Bank Transfer,Paid
PAY00344,CUST0051,2023-08-01,149.0,Growth,Credit Card,Paid
PAY00345,CUST0051,2023-09-01,149.0,Growth,PayPal,Paid
PAY00346,CUST0051,2023-10-01,149.0,Growth,PayPal,Paid
PAY00347,CUST0051,2023-11-01,149.0,Growth,PayPal,Paid
PAY00348,CUST0051,2023-12-01,149.0,Growth,PayPal,Paid
PAY00349,CUST0052,2023-07-01,49.0,Starter,Credit Card,Paid
PAY00350,CUST0052,2023-08-01,49.0,Starter,PayPal,Paid
PAY00351,CUST0052,2023-09-01,49.0,Starter,Bank Transfer,Paid
PAY00352,CUST0052,2023-10-01,49.0,Starter,PayPal,Paid
PAY00353,CUST0052,2023-11-01,49.0,Starter,Credit Card,Paid
PAY00354,CUST0052,2023-12-01,49.0,Starter,PayPal,Paid
PAY00355,CUST0053,2023-02-01,49.0,Starter,Bank Transfer,Paid
PAY00356,CUST0053,2023-03-01,49.0,Starter,Credit Card,Paid
PAY00357,CUST0053,2023-04-01,49.0,Starter,Credit Card,Paid
PAY00358,CUST0053,2023-05-01,49.0,Starter,Credit Card,Paid
PAY00359,CUST0053,2023-06-01,49.0,Starter,PayPal,Paid
PAY00360,CUST0053,2023-07-01,49.0,Starter,PayPal,Paid
PAY00361,CUST0053,2023-08-01,49.0,Starter,Credit Card,Paid
PAY00362,CUST0053,2023-09-01,49.0,Starter,PayPal,Paid
PAY00363,CUST0053,2023-10-01,49.0,Starter,Bank Transfer,Paid
PAY00364,CUST0053,2023-11-01,49.0,Starter,Credit Card,Paid
PAY00365,CUST0053,2023-12-01,49.0,Starter,Bank Transfer,Paid
PAY00366,CUST0054,2023-05-01,49.0,Starter,Bank Transfer,Paid
PAY00367,CUST0054,2023-06-01,49.0,Starter,PayPal,Paid
PAY00368,CUST0054,2023-07-01,49.0,Starter,PayPal,Paid
PAY00369,CUST0054,2023-08-01,49.0,Starter,Credit Card,Paid
PAY00370,CUST0054,2023-09-01,49.0,Starter,Bank Transfer,Paid
PAY00371,CUST0054,2023-10-01,49.0,Starter,PayPal,Paid
PAY00372,CUST0054,2023-11-01,49.0,Starter,Bank Transfer,Paid
PAY00373,CUST0054,2023-12-01,49.0,Starter,PayPal,Paid
PAY00374,CUST0055,2023-08-01,49.0,Starter,Bank Transfer,Paid
PAY00375,CUST0055,2023-09-01,49.0,Starter,Credit Card,Paid
PAY00376,CUST0055,2023-10-01,49.0,Starter,PayPal,Paid
PAY00377,CUST0055,2023-11-01,49.0,Starter,Credit Card,Paid
PAY00378,CUST0055,2023-12-01,49.0,Starter,Bank Transfer,Paid
PAY00379,CUST0056,2023-02-01,49.0,Starter,Bank Transfer,Paid
PAY00380,CUST0056,2023-03-01,49.0,Starter,Credit Card,Paid
PAY00381,CUST0056,2023-04-01,49.0,Starter,Bank Transfer,Paid
PAY00382,CUST0056,2023-05-01,49.0,Starter,PayPal,Paid
PAY00383,CUST0056,2023-06-01,49.0,Starter,PayPal,Paid
PAY00384,CUST0056,2023-07-01,49.0,Starter,Bank Transfer,Paid
PAY00385,CUST0056,2023-08-01,49.0,Starter,Bank Transfer,Paid
PAY00386,CUST0056,2023-09-01,49.0,Starter,Bank Transfer,Paid
PAY00387,CUST0056,2023-10-01,49.0,Starter,Bank Transfer,Paid
PAY00388,CUST0056,2023-11-01,49.0,Starter,PayPal,Paid
PAY00389,CUST0056,2023-12-01,49.0,Starter,PayPal,Paid
PAY00390,CUST0057,2023-10-01,149.0,Growth,Bank Transfer,Paid
PAY00391,CUST0057,2023-11-01,149.0,Growth,Credit Card,Paid
PAY00392,CUST0057,2023-12-01,149.0,Growth,Credit Card,Paid
PAY00393,CUST0058,2023-03-01,49.0,Starter,PayPal,Paid
PAY00394,CUST0058,2023-04-01,49.0,Starter,Credit Card,Paid
PAY00395,CUST0058,2023-05-01,49.0,Starter,Bank Transfer,Paid
PAY00396,CUST0058,2023-06-01,49.0,Starter,Credit Card,Paid
PAY00397,CUST0058,2023-07-01,49.0,Starter,PayPal,Paid
PAY00398,CUST0058,2023-08-01,49.0,Starter,Bank Transfer,Paid
PAY00399,CUST0058,2023-09-01,49.0,Starter,Bank Transfer,Paid
PAY00400,CUST0058,2023-10-01,49.0,Starter,PayPal,Paid
PAY00401,CUST0058,2023-11-01,49.0,Starter,Credit Card,Paid
PAY00402,CUST0058,2023-12-01,49.0,Starter,PayPal,Paid
PAY00403,CUST0059,2023-07-01,499.0,Enterprise,PayPal,Paid
PAY00404,CUST0059,2023-08-01,499.0,Enterprise,Credit Card,Paid
PAY00405,CUST0059,2023-09-01,499.0,Enterprise,Bank Transfer,Paid
PAY00406,CUST0059,2023-10-01,499.0,Enterprise,Credit Card,Paid
PAY00407,CUST0059,2023-11-01,499.0,Enterprise,Credit Card,Paid
PAY00408,CUST0059,2023-12-01,499.0,Enterprise,Bank Transfer,Paid
PAY00409,CUST0060,2023-01-01,499.0,Enterprise,Bank Transfer,Paid
PAY00410,CUST0060,2023-02-01,499.0,Enterprise,PayPal,Paid
PAY00411,CUST0060,2023-03-01,499.0,Enterprise,Credit Card,Paid
PAY00412,CUST0060,2023-04-01,499.0,Enterprise,Bank Transfer,Paid
PAY00413,CUST0060,2023-05-01,499.0,Enterprise,Credit Card,Paid
PAY00414,CUST0060,2023-06-01,499.0,Enterprise,Credit Card,Paid
PAY00415,CUST0060,2023-07-01,499.0,Enterprise,Bank Transfer,Paid
PAY00416,CUST0060,2023-08-01,499.0,Enterprise,Bank Transfer,Paid
PAY00417,CUST0060,2023-09-01,499.0,Enterprise,Credit Card,Paid
PAY00418,CUST0060,2023-10-01,499.0,Enterprise,Bank Transfer,Paid
PAY00419,CUST0060,2023-11-01,499.0,Enterprise,Credit Card,Paid
PAY00420,CUST0060,2023-12-01,499.0,Enterprise,Bank Transfer,Paid
PAY00421,CUST0061,2023-05-01,49.0,Starter,PayPal,Paid
PAY00422,CUST0061,2023-06-01,49.0,Starter,Bank Transfer,Paid
PAY00423,CUST0061,2023-07-01,49.0,Starter,Credit Card,Paid
PAY00424,CUST0061,2023-08-01,49.0,Starter,Bank Transfer,Paid
PAY00425,CUST0061,2023-09-01,49.0,Starter,Credit Card,Paid
PAY00426,CUST0061,2023-10-01,49.0,Starter,Bank Transfer,Paid
PAY00427,CUST0061,2023-11-01,49.0,Starter,Credit Card,Paid
PAY00428,CUST0061,2023-12-01,49.0,Starter,Credit Card,Paid
PAY00429,CUST0062,2023-04-01,49.0,Starter,Bank Transfer,Paid
PAY00430,CUST0062,2023-05-01,49.0,Starter,Credit Card,Paid
PAY00431,CUST0063,2023-10-01,49.0,Starter,PayPal,Paid
PAY00432,CUST0063,2023-11-01,49.0,Starter,PayPal,Paid
PAY00433,CUST0063,2023-12-01,49.0,Starter,Bank Transfer,Paid
PAY00434,CUST0064,2023-01-01,149.0,Growth,Credit Card,Paid
PAY00435,CUST0064,2023-02-01,149.0,Growth,Credit Card,Paid
PAY00436,CUST0064,2023-03-01,149.0,Growth,Credit Card,Paid
PAY00437,CUST0064,2023-04-01,149.0,Growth,Bank Transfer,Paid
PAY00438,CUST0064,2023-05-01,149.0,Growth,Bank Transfer,Paid
PAY00439,CUST0064,2023-06-01,149.0,Growth,PayPal,Paid
PAY00440,CUST0064,2023-07-01,499,Growth,Credit Card,Paid
PAY00441,CUST0064,2023-08-01,499,Growth,PayPal,Paid
PAY00442,CUST0064,2023-09-01,499,Growth,Bank Transfer,Paid
PAY00443,CUST0064,2023-10-01,499,Growth,Bank Transfer,Paid
PAY00444,CUST0064,2023-11-01,499,Growth,PayPal,Paid
PAY00445,CUST0064,2023-12-01,499,Growth,Credit Card,Paid
PAY00446,CUST0065,2023-09-01,49.0,Starter,Credit Card,Paid
PAY00447,CUST0065,2023-10-01,49.0,Starter,Credit Card,Paid
PAY00448,CUST0065,2023-11-01,49.0,Starter,Bank Transfer,Paid
PAY00449,CUST0065,2023-12-01,49.0,Starter,Credit Card,Paid
PAY00450,CUST0066,2023-02-01,149.0,Growth,Credit Card,Paid
PAY00451,CUST0066,2023-03-01,149.0,Growth,PayPal,Paid
PAY00452,CUST0066,2023-04-01,149.0,Growth,PayPal,Paid
PAY00453,CUST0067,2023-03-01,499.0,Enterprise,PayPal,Paid
PAY00454,CUST0067,2023-04-01,499.0,Enterprise,PayPal,Paid
PAY00455,CUST0067,2023-05-01,499.0,Enterprise,Bank Transfer,Paid
PAY00456,CUST0067,2023-06-01,499.0,Enterprise,Credit Card,Paid
PAY00457,CUST0067,2023-07-01,499.0,Enterprise,Bank Transfer,Paid
PAY00458,CUST0067,2023-08-01,499.0,Enterprise,Credit Card,Paid
PAY00459,CUST0067,2023-09-01,499.0,Enterprise,Bank Transfer,Paid
PAY00460,CUST0067,2023-10-01,499.0,Enterprise,Credit Card,Paid
PAY00461,CUST0067,2023-11-01,499.0,Enterprise,Credit Card,Paid
PAY00462,CUST0067,2023-12-01,499.0,Enterprise,Credit Card,Paid
PAY00463,CUST0068,2023-01-01,149.0,Growth,Bank Transfer,Paid
PAY00464,CUST0068,2023-02-01,149.0,Growth,PayPal,Paid
PAY00465,CUST0068,2023-03-01,149.0,Growth,PayPal,Paid
PAY00466,CUST0068,2023-04-01,149.0,Growth,Bank Transfer,Paid
PAY00467,CUST0068,2023-05-01,149.0,Growth,Credit Card,Paid
PAY00468,CUST0068,2023-06-01,149.0,Growth,Credit Card,Paid
PAY00469,CUST0069,2023-10-01,149.0,Growth,Bank Transfer,Paid
PAY00470,CUST0069,2023-11-01,149.0,Growth,PayPal,Paid
PAY00471,CUST0069,2023-12-01,149.0,Growth,PayPal,Paid
PAY00472,CUST0070,2023-04-01,149.0,Growth,Credit Card,Paid
PAY00473,CUST0070,2023-05-01,149.0,Growth,PayPal,Paid
PAY00474,CUST0070,2023-06-01,149.0,Growth,PayPal,Paid
PAY00475,CUST0070,2023-07-01,149.0,Growth,PayPal,Paid
PAY00476,CUST0070,2023-08-01,149.0,Growth,Credit Card,Paid
PAY00477,CUST0070,2023-09-01,149.0,Growth,PayPal,Paid
PAY00478,CUST0070,2023-10-01,149.0,Growth,Credit Card,Paid
PAY00479,CUST0070,2023-11-01,149.0,Growth,Bank Transfer,Paid
PAY00480,CUST0070,2023-12-01,149.0,Growth,Bank Transfer,Paid
PAY00481,CUST0071,2023-05-01,49.0,Starter,Credit Card,Paid
PAY00482,CUST0071,2023-06-01,49.0,Starter,PayPal,Paid
PAY00483,CUST0071,2023-07-01,49.0,Starter,Bank Transfer,Paid
PAY00484,CUST0071,2023-08-01,49.0,Starter,Credit Card,Paid
PAY00485,CUST0071,2023-09-01,49.0,Starter,PayPal,Paid
PAY00486,CUST0072,2023-06-01,499.0,Enterprise,Bank Transfer,Paid
PAY00487,CUST0072,2023-07-01,499.0,Enterprise,Credit Card,Paid
PAY00488,CUST0072,2023-08-01,499.0,Enterprise,PayPal,Paid
PAY00489,CUST0072,2023-09-01,499.0,Enterprise,PayPal,Paid
PAY00490,CUST0072,2023-10-01,499.0,Enterprise,Credit Card,Paid
PAY00491,CUST0072,2023-11-01,499.0,Enterprise,PayPal,Paid
PAY00492,CUST0072,2023-12-01,499.0,Enterprise,Bank Transfer,Paid
PAY00493,CUST0073,2023-08-01,149.0,Growth,Credit Card,Paid
PAY00494,CUST0073,2023-09-01,149.0,Growth,PayPal,Paid
PAY00495,CUST0073,2023-10-01,149.0,Growth,PayPal,Paid
PAY00496,CUST0073,2023-11-01,149.0,Growth,PayPal,Paid
PAY00497,CUST0073,2023-12-01,149.0,Growth,PayPal,Paid
PAY00498,CUST0074,2023-10-01,49.0,Starter,PayPal,Paid
PAY00499,CUST0074,2023-11-01,49.0,Starter,Credit Card,Paid
PAY00500,CUST0074,2023-12-01,49.0,Starter,Bank Transfer,Paid
PAY00501,CUST0075,2023-06-01,499.0,Enterprise,Bank Transfer,Paid
PAY00502,CUST0075,2023-07-01,499.0,Enterprise,Credit Card,Paid
PAY00503,CUST0075,2023-08-01,499.0,Enterprise,PayPal,Paid
PAY00504,CUST0075,2023-09-01,499.0,Enterprise,Bank Transfer,Paid
PAY00505,CUST0075,2023-10-01,499.0,Enterprise,Bank Transfer,Paid
PAY00506,CUST0075,2023-11-01,499.0,Enterprise,Bank Transfer,Paid
PAY00507,CUST0075,2023-12-01,499.0,Enterprise,PayPal,Paid
PAY00508,CUST0076,2023-05-01,49.0,Starter,Credit Card,Paid
PAY00509,CUST0076,2023-06-01,49.0,Starter,Bank Transfer,Paid
PAY00510,CUST0076,2023-07-01,49.0,Starter,Credit Card,Paid
PAY00511,CUST0076,2023-08-01,49.0,Starter,Bank Transfer,Paid
PAY00512,CUST0076,2023-09-01,49.0,Starter,Credit Card,Paid
PAY00513,CUST0076,2023-10-01,49.0,Starter,PayPal,Paid
PAY00514,CUST0076,2023-11-01,49.0,Starter,PayPal,Paid
PAY00515,CUST0076,2023-12-01,49.0,Starter,PayPal,Paid
PAY00516,CUST0077,2023-09-01,49.0,Starter,Credit Card,Paid
PAY00517,CUST0077,2023-10-01,49.0,Starter,PayPal,Paid
PAY00518,CUST0077,2023-11-01,49.0,Starter,PayPal,Paid
PAY00519,CUST0077,2023-12-01,49.0,Starter,Bank Transfer,Paid
PAY00520,CUST0078,2023-02-01,499.0,Enterprise,Credit Card,Paid
PAY00521,CUST0078,2023-03-01,499.0,Enterprise,Credit Card,Paid
PAY00522,CUST0078,2023-04-01,499.0,Enterprise,Bank Transfer,Paid
PAY00523,CUST0079,2023-03-01,499.0,Enterprise,PayPal,Paid
PAY00524,CUST0079,2023-04-01,499.0,Enterprise,Bank Transfer,Paid
PAY00525,CUST0079,2023-05-01,499.0,Enterprise,PayPal,Paid
PAY00526,CUST0079,2023-06-01,499.0,Enterprise,Credit Card,Paid
PAY00527,CUST0079,2023-07-01,499.0,Enterprise,PayPal,Paid
PAY00528,CUST0079,2023-08-01,499.0,Enterprise,Bank Transfer,Paid
PAY00529,CUST0079,2023-09-01,499.0,Enterprise,PayPal,Paid
PAY00530,CUST0079,2023-10-01,499.0,Enterprise,Bank Transfer,Paid
PAY00531,CUST0079,2023-11-01,499.0,Enterprise,PayPal,Paid
PAY00532,CUST0079,2023-12-01,499.0,Enterprise,Credit Card,Paid
PAY00533,CUST0080,2023-05-01,149.0,Growth,Credit Card,Paid
PAY00534,CUST0080,2023-06-01,149.0,Growth,Credit Card,Paid
PAY00535,CUST0080,2023-07-01,149.0,Growth,PayPal,Paid
PAY00536,CUST0080,2023-08-01,149.0,Growth,Bank Transfer,Paid
PAY00537,CUST0080,2023-09-01,149.0,Growth,Credit Card,Paid
PAY00538,CUST0080,2023-10-01,149.0,Growth,Bank Transfer,Paid
PAY00539,CUST0080,2023-11-01,149.0,Growth,Credit Card,Paid
PAY00540,CUST0080,2023-12-01,149.0,Growth,Credit Card,Paid
PAY00541,CUST0081,2023-05-01,149.0,Growth,Credit Card,Paid
PAY00542,CUST0081,2023-06-01,149.0,Growth,Credit Card,Paid
PAY00543,CUST0081,2023-07-01,149.0,Growth,Bank Transfer,Paid
PAY00544,CUST0081,2023-08-01,149.0,Growth,Bank Transfer,Paid
PAY00545,CUST0081,2023-09-01,149.0,Growth,PayPal,Paid
PAY00546,CUST0081,2023-10-01,149.0,Growth,Bank Transfer,Paid
PAY00547,CUST0081,2023-11-01,149.0,Growth,PayPal,Paid
PAY00548,CUST0081,2023-12-01,149.0,Growth,Bank Transfer,Paid
PAY00549,CUST0082,2023-02-01,149.0,Growth,Bank Transfer,Paid
PAY00550,CUST0082,2023-03-01,149.0,Growth,Credit Card,Paid
PAY00551,CUST0082,2023-04-01,149.0,Growth,PayPal,Paid
PAY00552,CUST0082,2023-05-01,499,Growth,Credit Card,Paid
PAY00553,CUST0082,2023-06-01,499,Growth,Bank Transfer,Paid
PAY00554,CUST0082,2023-07-01,499,Growth,Bank Transfer,Paid
PAY00555,CUST0082,2023-08-01,499,Growth,Credit Card,Paid
PAY00556,CUST0082,2023-09-01,499,Growth,PayPal,Paid
PAY00557,CUST0082,2023-10-01,499,Growth,Bank Transfer,Paid
PAY00558,CUST0082,2023-11-01,499,Growth,Bank Transfer,Paid
PAY00559,CUST0082,2023-12-01,499,Growth,Credit Card,Paid
PAY00560,CUST0083,2023-01-01,49.0,Starter,Bank Transfer,Paid
PAY00561,CUST0083,2023-02-01,49.0,Starter,Bank Transfer,Paid
PAY00562,CUST0083,2023-03-01,49.0,Starter,Bank Transfer,Paid
PAY00563,CUST0083,2023-04-01,49.0,Starter,PayPal,Paid
PAY00564,CUST0083,2023-05-01,49.0,Starter,Bank Transfer,Paid
PAY00565,CUST0083,2023-06-01,49.0,Starter,Bank Transfer,Paid
PAY00566,CUST0083,2023-07-01,49.0,Starter,Bank Transfer,Paid
PAY00567,CUST0083,2023-08-01,49.0,Starter,Credit Card,Paid
PAY00568,CUST0083,2023-09-01,49.0,Starter,Bank Transfer,Paid
PAY00569,CUST0083,2023-10-01,49.0,Starter,PayPal,Paid
PAY00570,CUST0083,2023-11-01,49.0,Starter,Bank Transfer,Paid
PAY00571,CUST0083,2023-12-01,49.0,Starter,Bank Transfer,Paid
PAY00572,CUST0084,2023-05-01,49.0,Starter,PayPal,Paid
PAY00573,CUST0084,2023-06-01,49.0,Starter,Bank Transfer,Paid
PAY00574,CUST0084,2023-07-01,49.0,Starter,Credit Card,Paid
PAY00575,CUST0084,2023-08-01,49.0,Starter,PayPal,Paid
PAY00576,CUST0084,2023-09-01,49.0,Starter,Bank Transfer,Paid
PAY00577,CUST0084,2023-10-01,49.0,Starter,Credit Card,Paid
PAY00578,CUST0085,2023-08-01,149.0,Growth,Bank Transfer,Paid
PAY00579,CUST0085,2023-09-01,149.0,Growth,PayPal,Paid
PAY00580,CUST0085,2023-10-01,149.0,Growth,Credit Card,Paid
PAY00581,CUST0085,2023-11-01,149.0,Growth,PayPal,Paid
PAY00582,CUST0085,2023-12-01,149.0,Growth,Bank Transfer,Paid
PAY00583,CUST0086,2023-03-01,149.0,Growth,Bank Transfer,Paid
PAY00584,CUST0086,2023-04-01,149.0,Growth,Credit Card,Paid
PAY00585,CUST0086,2023-05-01,149.0,Growth,Credit Card,Paid
PAY00586,CUST0087,2023-10-01,49.0,Starter,Bank Transfer,Paid
PAY00587,CUST0087,2023-11-01,49.0,Starter,PayPal,Paid
PAY00588,CUST0087,2023-12-01,49.0,Starter,Bank Transfer,Paid
PAY00589,CUST0088,2023-06-01,49.0,Starter,Bank Transfer,Paid
PAY00590,CUST0088,2023-07-01,49.0,Starter,Bank Transfer,Paid
PAY00591,CUST0088,2023-08-01,49.0,Starter,PayPal,Paid
PAY00592,CUST0088,2023-09-01,49.0,Starter,PayPal,Paid
PAY00593,CUST0088,2023-10-01,49.0,Starter,Bank Transfer,Paid
PAY00594,CUST0088,2023-11-01,49.0,Starter,Credit Card,Paid
PAY00595,CUST0088,2023-12-01,49.0,Starter,PayPal,Paid
PAY00596,CUST0089,2023-04-01,149.0,Growth,Bank Transfer,Paid
PAY00597,CUST0089,2023-05-01,149.0,Growth,Bank Transfer,Paid
PAY00598,CUST0089,2023-06-01,149.0,Growth,Bank Transfer,Paid
PAY00599,CUST0089,2023-07-01,149.0,Growth,Credit Card,Paid
PAY00600,CUST0089,2023-08-01,149.0,Growth,PayPal,Paid
PAY00601,CUST0089,2023-09-01,149.0,Growth,Bank Transfer,Paid
PAY00602,CUST0089,2023-10-01,499,Growth,PayPal,Paid
PAY00603,CUST0089,2023-11-01,499,Growth,Bank Transfer,Paid
PAY00604,CUST0089,2023-12-01,499,Growth,Bank Transfer,Paid
PAY00605,CUST0090,2023-10-01,499.0,Enterprise,PayPal,Paid
PAY00606,CUST0090,2023-11-01,499.0,Enterprise,Credit Card,Paid
PAY00607,CUST0090,2023-12-01,499.0,Enterprise,Credit Card,Paid
PAY00608,CUST0091,2023-03-01,499.0,Enterprise,PayPal,Paid
PAY00609,CUST0091,2023-04-01,499.0,Enterprise,PayPal,Paid
PAY00610,CUST0091,2023-05-01,499.0,Enterprise,Bank Transfer,Paid
PAY00611,CUST0091,2023-06-01,499.0,Enterprise,Bank Transfer,Paid
PAY00612,CUST0091,2023-07-01,499.0,Enterprise,PayPal,Paid
PAY00613,CUST0091,2023-08-01,499.0,Enterprise,PayPal,Paid
PAY00614,CUST0091,2023-09-01,499.0,Enterprise,PayPal,Paid
PAY00615,CUST0091,2023-10-01,499.0,Enterprise,Credit Card,Paid
PAY00616,CUST0091,2023-11-01,499.0,Enterprise,Credit Card,Paid
PAY00617,CUST0091,2023-12-01,499.0,Enterprise,Credit Card,Paid
PAY00618,CUST0092,2023-04-01,499.0,Enterprise,PayPal,Paid
PAY00619,CUST0092,2023-05-01,499.0,Enterprise,PayPal,Paid
PAY00620,CUST0092,2023-06-01,499.0,Enterprise,Bank Transfer,Paid
PAY00621,CUST0092,2023-07-01,499.0,Enterprise,Credit Card,Paid
PAY00622,CUST0092,2023-08-01,499.0,Enterprise,Credit Card,Paid
PAY00623,CUST0092,2023-09-01,499.0,Enterprise,Credit Card,Paid
PAY00624,CUST0092,2023-10-01,499.0,Enterprise,Credit Card,Paid
PAY00625,CUST0092,2023-11-01,499.0,Enterprise,PayPal,Paid
PAY00626,CUST0092,2023-12-01,499.0,Enterprise,Bank Transfer,Paid
PAY00627,CUST0093,2023-06-01,149.0,Growth,Bank Transfer,Paid
PAY00628,CUST0093,2023-07-01,149.0,Growth,Bank Transfer,Paid
PAY00629,CUST0093,2023-08-01,149.0,Growth,PayPal,Paid
PAY00630,CUST0093,2023-09-01,149.0,Growth,Credit Card,Paid
PAY00631,CUST0093,2023-10-01,149.0,Growth,PayPal,Paid
PAY00632,CUST0093,2023-11-01,499,Growth,Credit Card,Paid
PAY00633,CUST0093,2023-12-01,499,Growth,PayPal,Paid
PAY00634,CUST0094,2023-05-01,49.0,Starter,Bank Transfer,Paid
PAY00635,CUST0094,2023-06-01,49.0,Starter,Bank Transfer,Paid
PAY00636,CUST0094,2023-07-01,49.0,Starter,Bank Transfer,Paid
PAY00637,CUST0094,2023-08-01,49.0,Starter,Bank Transfer,Paid
PAY00638,CUST0094,2023-09-01,49.0,Starter,Credit Card,Paid
PAY00639,CUST0094,2023-10-01,49.0,Starter,PayPal,Paid
PAY00640,CUST0094,2023-11-01,49.0,Starter,Credit Card,Paid
PAY00641,CUST0094,2023-12-01,49.0,Starter,PayPal,Paid
PAY00642,CUST0095,2023-01-01,499.0,Enterprise,Bank Transfer,Paid
PAY00643,CUST0095,2023-02-01,499.0,Enterprise,Bank Transfer,Paid
PAY00644,CUST0095,2023-03-01,499.0,Enterprise,Bank Transfer,Paid
PAY00645,CUST0095,2023-04-01,499.0,Enterprise,PayPal,Paid
PAY00646,CUST0095,2023-05-01,499.0,Enterprise,Bank Transfer,Paid
PAY00647,CUST0095,2023-06-01,499.0,Enterprise,Credit Card,Paid
PAY00648,CUST0095,2023-07-01,499.0,Enterprise,Credit Card,Paid
PAY00649,CUST0095,2023-08-01,499.0,Enterprise,Credit Card,Paid
PAY00650,CUST0095,2023-09-01,499.0,Enterprise,PayPal,Paid
PAY00651,CUST0095,2023-10-01,499.0,Enterprise,Credit Card,Paid
PAY00652,CUST0095,2023-11-01,499.0,Enterprise,Bank Transfer,Paid
PAY00653,CUST0095,2023-12-01,499.0,Enterprise,PayPal,Paid
PAY00654,CUST0096,2023-08-01,49.0,Starter,Bank Transfer,Paid
PAY00655,CUST0096,2023-09-01,49.0,Starter,PayPal,Paid
PAY00656,CUST0096,2023-10-01,49.0,Starter,Credit Card,Paid
PAY00657,CUST0096,2023-11-01,49.0,Starter,Bank Transfer,Paid
PAY00658,CUST0096,2023-12-01,49.0,Starter,Bank Transfer,Paid
PAY00659,CUST0097,2023-01-01,149.0,Growth,PayPal,Paid
PAY00660,CUST0097,2023-02-01,149.0,Growth,Bank Transfer,Paid
PAY00661,CUST0097,2023-03-01,149.0,Growth,Credit Card,Paid
PAY00662,CUST0097,2023-04-01,149.0,Growth,PayPal,Paid
PAY00663,CUST0097,2023-05-01,149.0,Growth,Bank Transfer,Paid
PAY00664,CUST0097,2023-06-01,149.0,Growth,PayPal,Paid
PAY00665,CUST0097,2023-07-01,149.0,Growth,Bank Transfer,Paid
PAY00666,CUST0097,2023-08-01,149.0,Growth,Credit Card,Paid
PAY00667,CUST0097,2023-09-01,149.0,Growth,Credit Card,Paid
PAY00668,CUST0097,2023-10-01,149.0,Growth,Credit Card,Paid
PAY00669,CUST0097,2023-11-01,149.0,Growth,Credit Card,Paid
PAY00670,CUST0097,2023-12-01,149.0,Growth,Bank Transfer,Paid
PAY00671,CUST0098,2023-05-01,499.0,Enterprise,Credit Card,Paid
PAY00672,CUST0098,2023-06-01,499.0,Enterprise,PayPal,Paid
PAY00673,CUST0098,2023-07-01,499.0,Enterprise,Bank Transfer,Paid
PAY00674,CUST0098,2023-08-01,499.0,Enterprise,Credit Card,Paid
PAY00675,CUST0098,2023-09-01,499.0,Enterprise,PayPal,Paid
PAY00676,CUST0099,2023-09-01,49.0,Starter,Bank Transfer,Paid
PAY00677,CUST0099,2023-10-01,49.0,Starter,PayPal,Paid
PAY00678,CUST0099,2023-11-01,49.0,Starter,Bank Transfer,Paid
PAY00679,CUST0099,2023-12-01,49.0,Starter,PayPal,Paid
PAY00680,CUST0100,2023-03-01,499.0,Enterprise,Credit Card,Paid
PAY00681,CUST0100,2023-04-01,499.0,Enterprise,PayPal,Paid
PAY00682,CUST0100,2023-05-01,499.0,Enterprise,PayPal,Paid
PAY00683,CUST0100,2023-06-01,499.0,Enterprise,Bank Transfer,Paid
PAY00684,CUST0100,2023-07-01,499.0,Enterprise,Bank Transfer,Paid
PAY00685,CUST0100,2023-08-01,499.0,Enterprise,Credit Card,Paid
PAY00686,CUST0100,2023-09-01,499.0,Enterprise,PayPal,Paid
PAY00687,CUST0100,2023-10-01,499.0,Enterprise,PayPal,Paid
PAY00688,CUST0100,2023-11-01,499.0,Enterprise,PayPal,Paid
PAY00689,CUST0100,2023-12-01,499.0,Enterprise,PayPal,Paid
PAY00690,CUST0101,2023-10-01,499.0,Enterprise,Credit Card,Paid
PAY00691,CUST0101,2023-11-01,499.0,Enterprise,Bank Transfer,Paid
PAY00692,CUST0101,2023-12-01,499.0,Enterprise,PayPal,Paid
PAY00693,CUST0102,2023-02-01,149.0,Growth,Credit Card,Paid
PAY00694,CUST0102,2023-03-01,149.0,Growth,Credit Card,Paid
PAY00695,CUST0102,2023-04-01,149.0,Growth,Credit Card,Paid
PAY00696,CUST0102,2023-05-01,149.0,Growth,Credit Card,Paid
PAY00697,CUST0102,2023-06-01,149.0,Growth,Credit Card,Paid
PAY00698,CUST0102,2023-07-01,149.0,Growth,Bank Transfer,Paid
PAY00699,CUST0102,2023-08-01,149.0,Growth,Credit Card,Paid
PAY00700,CUST0102,2023-09-01,149.0,Growth,Bank Transfer,Paid
PAY00701,CUST0102,2023-10-01,149.0,Growth,PayPal,Paid
PAY00702,CUST0102,2023-11-01,149.0,Growth,PayPal,Paid
PAY00703,CUST0102,2023-12-01,149.0,Growth,Bank Transfer,Paid
PAY00704,CUST0103,2023-06-01,49.0,Starter,Bank Transfer,Paid
PAY00705,CUST0103,2023-07-01,49.0,Starter,PayPal,Paid
PAY00706,CUST0103,2023-08-01,49.0,Starter,Credit Card,Paid
PAY00707,CUST0103,2023-09-01,49.0,Starter,PayPal,Paid
PAY00708,CUST0103,2023-10-01,49.0,Starter,Credit Card,Paid
PAY00709,CUST0103,2023-11-01,49.0,Starter,Credit Card,Paid
PAY00710,CUST0103,2023-12-01,49.0,Starter,Bank Transfer,Paid
PAY00711,CUST0104,2023-10-01,49.0,Starter,Bank Transfer,Paid
PAY00712,CUST0104,2023-11-01,49.0,Starter,PayPal,Paid
PAY00713,CUST0104,2023-12-01,49.0,Starter,PayPal,Paid
PAY00714,CUST0105,2023-08-01,49.0,Starter,Bank Transfer,Paid
PAY00715,CUST0105,2023-09-01,49.0,Starter,PayPal,Paid
PAY00716,CUST0105,2023-10-01,49.0,Starter,Bank Transfer,Paid
PAY00717,CUST0105,2023-11-01,49.0,Starter,Bank Transfer,Paid
PAY00718,CUST0105,2023-12-01,49.0,Starter,PayPal,Paid
PAY00719,CUST0106,2023-08-01,49.0,Starter,Credit Card,Paid
PAY00720,CUST0106,2023-09-01,49.0,Starter,Credit Card,Paid
PAY00721,CUST0106,2023-10-01,49.0,Starter,Bank Transfer,Paid
PAY00722,CUST0106,2023-11-01,49.0,Starter,PayPal,Paid
PAY00723,CUST0106,2023-12-01,49.0,Starter,Credit Card,Paid
PAY00724,CUST0107,2023-06-01,149.0,Growth,Bank Transfer,Paid
PAY00725,CUST0107,2023-07-01,149.0,Growth,Bank Transfer,Paid
PAY00726,CUST0107,2023-08-01,149.0,Growth,PayPal,Paid
PAY00727,CUST0107,2023-09-01,149.0,Growth,PayPal,Paid
PAY00728,CUST0107,2023-10-01,149.0,Growth,Bank Transfer,Paid
PAY00729,CUST0107,2023-11-01,149.0,Growth,Credit Card,Paid
PAY00730,CUST0107,2023-12-01,149.0,Growth,PayPal,Paid
PAY00731,CUST0108,2023-06-01,149.0,Growth,PayPal,Paid
PAY00732,CUST0108,2023-07-01,149.0,Growth,PayPal,Paid
PAY00733,CUST0108,2023-08-01,149.0,Growth,Credit Card,Paid
PAY00734,CUST0108,2023-09-01,149.0,Growth,Credit Card,Paid
PAY00735,CUST0108,2023-10-01,149.0,Growth,Bank Transfer,Paid
PAY00736,CUST0108,2023-11-01,149.0,Growth,PayPal,Paid
PAY00737,CUST0108,2023-12-01,149.0,Growth,Credit Card,Paid
PAY00738,CUST0109,2023-07-01,149.0,Growth,Credit Card,Paid
PAY00739,CUST0109,2023-08-01,149.0,Growth,PayPal,Paid
PAY00740,CUST0109,2023-09-01,149.0,Growth,Credit Card,Paid
PAY00741,CUST0109,2023-10-01,149.0,Growth,Bank Transfer,Paid
PAY00742,CUST0109,2023-11-01,149.0,Growth,Credit Card,Paid
PAY00743,CUST0109,2023-12-01,149.0,Growth,Credit Card,Paid
PAY00744,CUST0110,2023-08-01,149.0,Growth,Bank Transfer,Paid
PAY00745,CUST0110,2023-09-01,149.0,Growth,PayPal,Paid
PAY00746,CUST0110,2023-10-01,149.0,Growth,Credit Card,Paid
PAY00747,CUST0110,2023-11-01,149.0,Growth,Bank Transfer,Paid
PAY00748,CUST0110,2023-12-01,149.0,Growth,PayPal,Paid
PAY00749,CUST0111,2023-03-01,149.0,Growth,Bank Transfer,Paid
PAY00750,CUST0111,2023-04-01,149.0,Growth,Credit Card,Paid
PAY00751,CUST0111,2023-05-01,149.0,Growth,Bank Transfer,Paid
PAY00752,CUST0111,2023-06-01,149.0,Growth,Credit Card,Paid
PAY00753,CUST0111,2023-07-01,149.0,Growth,PayPal,Paid
PAY00754,CUST0111,2023-08-01,149.0,Growth,PayPal,Paid
PAY00755,CUST0111,2023-09-01,149.0,Growth,Bank Transfer,Paid
PAY00756,CUST0111,2023-10-01,149.0,Growth,Credit Card,Paid
PAY00757,CUST0111,2023-11-01,149.0,Growth,PayPal,Paid
PAY00758,CUST0111,2023-12-01,149.0,Growth,Bank Transfer,Paid
PAY00759,CUST0112,2023-10-01,149.0,Growth,PayPal,Paid
PAY00760,CUST0112,2023-11-01,149.0,Growth,PayPal,Paid
PAY00761,CUST0112,2023-12-01,149.0,Growth,Credit Card,Paid
PAY00762,CUST0113,2023-04-01,49.0,Starter,PayPal,Paid
PAY00763,CUST0113,2023-05-01,49.0,Starter,PayPal,Paid
PAY00764,CUST0113,2023-06-01,49.0,Starter,Credit Card,Paid
PAY00765,CUST0113,2023-07-01,49.0,Starter,PayPal,Paid
PAY00766,CUST0113,2023-08-01,49.0,Starter,PayPal,Paid
PAY00767,CUST0113,2023-09-01,49.0,Starter,Credit Card,Paid
PAY00768,CUST0113,2023-10-01,49.0,Starter,Credit Card,Paid
PAY00769,CUST0113,2023-11-01,49.0,Starter,PayPal,Paid
PAY00770,CUST0113,2023-12-01,49.0,Starter,PayPal,Paid
PAY00771,CUST0114,2023-08-01,49.0,Starter,PayPal,Paid
PAY00772,CUST0114,2023-09-01,49.0,Starter,PayPal,Paid
PAY00773,CUST0114,2023-10-01,49.0,Starter,Bank Transfer,Paid
PAY00774,CUST0114,2023-11-01,49.0,Starter,PayPal,Paid
PAY00775,CUST0114,2023-12-01,49.0,Starter,Credit Card,Paid
PAY00776,CUST0115,2023-08-01,149.0,Growth,Credit Card,Paid
PAY00777,CUST0115,2023-09-01,149.0,Growth,Credit Card,Paid
PAY00778,CUST0115,2023-10-01,149.0,Growth,Credit Card,Paid
PAY00779,CUST0115,2023-11-01,149.0,Growth,PayPal,Paid
PAY00780,CUST0115,2023-12-01,149.0,Growth,PayPal,Paid
PAY00781,CUST0116,2023-02-01,49.0,Starter,Bank Transfer,Paid
PAY00782,CUST0116,2023-03-01,49.0,Starter,PayPal,Paid
PAY00783,CUST0116,2023-04-01,49.0,Starter,Credit Card,Paid
PAY00784,CUST0116,2023-05-01,49.0,Starter,PayPal,Paid
PAY00785,CUST0116,2023-06-01,49.0,Starter,Bank Transfer,Paid
PAY00786,CUST0116,2023-07-01,49.0,Starter,PayPal,Paid
PAY00787,CUST0116,2023-08-01,49.0,Starter,PayPal,Paid
PAY00788,CUST0116,2023-09-01,49.0,Starter,Credit Card,Paid
PAY00789,CUST0116,2023-10-01,49.0,Starter,Bank Transfer,Paid
PAY00790,CUST0116,2023-11-01,49.0,Starter,PayPal,Paid
PAY00791,CUST0116,2023-12-01,49.0,Starter,PayPal,Paid
PAY00792,CUST0117,2023-05-01,149.0,Growth,Bank Transfer,Paid
PAY00793,CUST0117,2023-06-01,149.0,Growth,PayPal,Paid
PAY00794,CUST0117,2023-07-01,149.0,Growth,Bank Transfer,Paid
PAY00795,CUST0117,2023-08-01,149.0,Growth,Bank Transfer,Paid
PAY00796,CUST0117,2023-09-01,149.0,Growth,Credit Card,Paid
PAY00797,CUST0117,2023-10-01,149.0,Growth,PayPal,Paid
PAY00798,CUST0117,2023-11-01,149.0,Growth,Bank Transfer,Paid
PAY00799,CUST0117,2023-12-01,149.0,Growth,Bank Transfer,Paid
PAY00800,CUST0118,2023-03-01,49.0,Starter,Bank Transfer,Paid
PAY00801,CUST0118,2023-04-01,49.0,Starter,Credit Card,Paid
PAY00802,CUST0118,2023-05-01,49.0,Starter,PayPal,Paid
PAY00803,CUST0118,2023-06-01,49.0,Starter,Credit Card,Paid
PAY00804,CUST0118,2023-07-01,49.0,Starter,Credit Card,Paid
PAY00805,CUST0118,2023-08-01,49.0,Starter,Bank Transfer,Paid
PAY00806,CUST0118,2023-09-01,49.0,Starter,Bank Transfer,Paid
PAY00807,CUST0118,2023-10-01,49.0,Starter,Bank Transfer,Paid
PAY00808,CUST0118,2023-11-01,49.0,Starter,Bank Transfer,Paid
PAY00809,CUST0118,2023-12-01,49.0,Starter,Credit Card,Paid
PAY00810,CUST0119,2023-02-01,49.0,Starter,Bank Transfer,Paid
PAY00811,CUST0119,2023-03-01,49.0,Starter,PayPal,Paid
PAY00812,CUST0119,2023-04-01,49.0,Starter,Credit Card,Paid
PAY00813,CUST0119,2023-05-01,49.0,Starter,Bank Transfer,Paid
PAY00814,CUST0119,2023-06-01,49.0,Starter,PayPal,Paid
PAY00815,CUST0119,2023-07-01,49.0,Starter,Bank Transfer,Paid
PAY00816,CUST0119,2023-08-01,49.0,Starter,PayPal,Paid
PAY00817,CUST0119,2023-09-01,49.0,Starter,Bank Transfer,Paid
PAY00818,CUST0119,2023-10-01,49.0,Starter,Bank Transfer,Paid
PAY00819,CUST0119,2023-11-01,49.0,Starter,Credit Card,Paid
PAY00820,CUST0119,2023-12-01,49.0,Starter,Bank Transfer,Paid
PAY00821,CUST0120,2023-07-01,49.0,Starter,PayPal,Paid
PAY00822,CUST0120,2023-08-01,49.0,Starter,PayPal,Paid
PAY00823,CUST0120,2023-09-01,49.0,Starter,Credit Card,Paid
PAY00824,CUST0120,2023-10-01,49.0,Starter,Bank Transfer,Paid
PAY00825,CUST0120,2023-11-01,49.0,Starter,Credit Card,Paid
PAY00826,CUST0120,2023-12-01,49.0,Starter,Bank Transfer,Paid
PAY00827,CUST0121,2023-01-01,499.0,Enterprise,Credit Card,Paid
PAY00828,CUST0121,2023-02-01,499.0,Enterprise,Bank Transfer,Paid
PAY00829,CUST0121,2023-03-01,499.0,Enterprise,Bank Transfer,Paid
PAY00830,CUST0121,2023-04-01,499.0,Enterprise,Credit Card,Paid
PAY00831,CUST0121,2023-05-01,499.0,Enterprise,Credit Card,Paid
PAY00832,CUST0121,2023-06-01,499.0,Enterprise,Credit Card,Paid
PAY00833,CUST0121,2023-07-01,499.0,Enterprise,Credit Card,Paid
PAY00834,CUST0121,2023-08-01,499.0,Enterprise,Bank Transfer,Paid
PAY00835,CUST0121,2023-09-01,499.0,Enterprise,Bank Transfer,Paid
PAY00836,CUST0121,2023-10-01,499.0,Enterprise,PayPal,Paid
PAY00837,CUST0121,2023-11-01,499.0,Enterprise,Bank Transfer,Paid
PAY00838,CUST0121,2023-12-01,499.0,Enterprise,Credit Card,Paid
PAY00839,CUST0122,2023-04-01,49.0,Starter,Credit Card,Paid
PAY00840,CUST0122,2023-05-01,49.0,Starter,Bank Transfer,Paid
PAY00841,CUST0122,2023-06-01,49.0,Starter,PayPal,Paid
PAY00842,CUST0122,2023-07-01,49.0,Starter,PayPal,Paid
PAY00843,CUST0122,2023-08-01,49.0,Starter,Bank Transfer,Paid
PAY00844,CUST0122,2023-09-01,49.0,Starter,Credit Card,Paid
PAY00845,CUST0122,2023-10-01,49.0,Starter,Credit Card,Paid
PAY00846,CUST0122,2023-11-01,49.0,Starter,Bank Transfer,Paid
PAY00847,CUST0122,2023-12-01,49.0,Starter,PayPal,Paid
PAY00848,CUST0123,2023-10-01,49.0,Starter,Bank Transfer,Paid
PAY00849,CUST0123,2023-11-01,49.0,Starter,Bank Transfer,Paid
PAY00850,CUST0123,2023-12-01,149,Starter,Bank Transfer,Paid
PAY00851,CUST0124,2023-03-01,149.0,Growth,Bank Transfer,Paid
PAY00852,CUST0124,2023-04-01,149.0,Growth,Credit Card,Paid
PAY00853,CUST0124,2023-05-01,149.0,Growth,Credit Card,Paid
PAY00854,CUST0124,2023-06-01,149.0,Growth,Bank Transfer,Paid
PAY00855,CUST0125,2023-09-01,49.0,Starter,PayPal,Paid
PAY00856,CUST0125,2023-10-01,49.0,Starter,Bank Transfer,Paid
PAY00857,CUST0125,2023-11-01,49.0,Starter,Credit Card,Paid
PAY00858,CUST0125,2023-12-01,49.0,Starter,Credit Card,Paid
PAY00859,CUST0126,2023-09-01,49.0,Starter,PayPal,Paid
PAY00860,CUST0126,2023-10-01,49.0,Starter,Bank Transfer,Paid
PAY00861,CUST0126,2023-11-01,49.0,Starter,Credit Card,Paid
PAY00862,CUST0126,2023-12-01,49.0,Starter,Credit Card,Paid
PAY00863,CUST0127,2023-05-01,149.0,Growth,Bank Transfer,Paid
PAY00864,CUST0127,2023-06-01,149.0,Growth,Bank Transfer,Paid
PAY00865,CUST0127,2023-07-01,149.0,Growth,PayPal,Paid
PAY00866,CUST0127,2023-08-01,149.0,Growth,PayPal,Paid
PAY00867,CUST0127,2023-09-01,149.0,Growth,PayPal,Paid
PAY00868,CUST0127,2023-10-01,149.0,Growth,Bank Transfer,Paid
PAY00869,CUST0127,2023-11-01,149.0,Growth,Bank Transfer,Paid
PAY00870,CUST0127,2023-12-01,149.0,Growth,PayPal,Paid
PAY00871,CUST0128,2023-05-01,49.0,Starter,Credit Card,Paid
PAY00872,CUST0128,2023-06-01,49.0,Starter,Credit Card,Paid
PAY00873,CUST0128,2023-07-01,49.0,Starter,Bank Transfer,Paid
PAY00874,CUST0128,2023-08-01,49.0,Starter,Credit Card,Paid
PAY00875,CUST0128,2023-09-01,49.0,Starter,Bank Transfer,Paid
PAY00876,CUST0128,2023-10-01,49.0,Starter,PayPal,Paid
PAY00877,CUST0128,2023-11-01,149,Starter,Bank Transfer,Paid
PAY00878,CUST0128,2023-12-01,149,Starter,Bank Transfer,Paid
PAY00879,CUST0129,2023-05-01,49.0,Starter,Bank Transfer,Paid
PAY00880,CUST0129,2023-06-01,49.0,Starter,Credit Card,Paid
PAY00881,CUST0129,2023-07-01,49.0,Starter,Bank Transfer,Paid
PAY00882,CUST0129,2023-08-01,49.0,Starter,Credit Card,Paid
PAY00883,CUST0129,2023-09-01,49.0,Starter,PayPal,Paid
PAY00884,CUST0130,2023-10-01,49.0,Starter,PayPal,Paid
PAY00885,CUST0130,2023-11-01,49.0,Starter,Credit Card,Paid
PAY00886,CUST0130,2023-12-01,49.0,Starter,Bank Transfer,Paid
PAY00887,CUST0131,2023-07-01,149.0,Growth,PayPal,Paid
PAY00888,CUST0131,2023-08-01,149.0,Growth,Bank Transfer,Paid
PAY00889,CUST0131,2023-09-01,149.0,Growth,Credit Card,Paid
PAY00890,CUST0131,2023-10-01,149.0,Growth,Bank Transfer,Paid
PAY00891,CUST0131,2023-11-01,149.0,Growth,PayPal,Paid
PAY00892,CUST0131,2023-12-01,149.0,Growth,Bank Transfer,Paid
PAY00893,CUST0132,2023-08-01,49.0,Starter,PayPal,Paid
PAY00894,CUST0132,2023-09-01,49.0,Starter,Bank Transfer,Paid
PAY00895,CUST0132,2023-10-01,49.0,Starter,PayPal,Paid
PAY00896,CUST0132,2023-11-01,149,Starter,PayPal,Paid
PAY00897,CUST0132,2023-12-01,149,Starter,PayPal,Paid
PAY00898,CUST0133,2023-02-01,49.0,Starter,Credit Card,Paid
PAY00899,CUST0133,2023-03-01,49.0,Starter,Credit Card,Paid
PAY00900,CUST0133,2023-04-01,49.0,Starter,Credit Card,Paid
PAY00901,CUST0133,2023-05-01,49.0,Starter,Bank Transfer,Paid
PAY00902,CUST0133,2023-06-01,49.0,Starter,Bank Transfer,Paid
PAY00903,CUST0133,2023-07-01,49.0,Starter,Bank Transfer,Paid
PAY00904,CUST0133,2023-08-01,49.0,Starter,PayPal,Paid
PAY00905,CUST0133,2023-09-01,49.0,Starter,Bank Transfer,Paid
PAY00906,CUST0133,2023-10-01,49.0,Starter,Credit Card,Paid
PAY00907,CUST0133,2023-11-01,49.0,Starter,Credit Card,Paid
PAY00908,CUST0133,2023-12-01,49.0,Starter,PayPal,Paid
PAY00909,CUST0134,2023-10-01,499.0,Enterprise,PayPal,Paid
PAY00910,CUST0134,2023-11-01,499.0,Enterprise,Bank Transfer,Paid
PAY00911,CUST0134,2023-12-01,499.0,Enterprise,PayPal,Paid
PAY00912,CUST0135,2023-07-01,49.0,Starter,Credit Card,Paid
PAY00913,CUST0135,2023-08-01,49.0,Starter,Credit Card,Paid
PAY00914,CUST0135,2023-09-01,49.0,Starter,Credit Card,Paid
PAY00915,CUST0135,2023-10-01,49.0,Starter,Credit Card,Paid
PAY00916,CUST0135,2023-11-01,49.0,Starter,PayPal,Paid
PAY00917,CUST0135,2023-12-01,49.0,Starter,Bank Transfer,Paid
PAY00918,CUST0136,2023-07-01,499.0,Enterprise,Bank Transfer,Paid
PAY00919,CUST0136,2023-08-01,499.0,Enterprise,PayPal,Paid
PAY00920,CUST0136,2023-09-01,499.0,Enterprise,Bank Transfer,Paid
PAY00921,CUST0136,2023-10-01,499.0,Enterprise,Credit Card,Paid
PAY00922,CUST0136,2023-11-01,499.0,Enterprise,PayPal,Paid
PAY00923,CUST0136,2023-12-01,499.0,Enterprise,PayPal,Paid
PAY00924,CUST0137,2023-10-01,149.0,Growth,Credit Card,Paid
PAY00925,CUST0137,2023-11-01,149.0,Growth,Bank Transfer,Paid
PAY00926,CUST0137,2023-12-01,149.0,Growth,PayPal,Paid
PAY00927,CUST0138,2023-04-01,49.0,Starter,Bank Transfer,Paid
PAY00928,CUST0138,2023-05-01,49.0,Starter,Credit Card,Paid
PAY00929,CUST0138,2023-06-01,49.0,Starter,Bank Transfer,Paid
PAY00930,CUST0139,2023-07-01,49.0,Starter,PayPal,Paid
PAY00931,CUST0139,2023-08-01,49.0,Starter,PayPal,Paid
PAY00932,CUST0139,2023-09-01,49.0,Starter,Bank Transfer,Paid
PAY00933,CUST0139,2023-10-01,49.0,Starter,PayPal,Paid
PAY00934,CUST0139,2023-11-01,49.0,Starter,Bank Transfer,Paid
PAY00935,CUST0139,2023-12-01,49.0,Starter,PayPal,Paid
PAY00936,CUST0140,2023-03-01,149.0,Growth,PayPal,Paid
PAY00937,CUST0140,2023-04-01,149.0,Growth,PayPal,Paid
PAY00938,CUST0140,2023-05-01,149.0,Growth,Bank Transfer,Paid
PAY00939,CUST0140,2023-06-01,149.0,Growth,PayPal,Paid
PAY00940,CUST0140,2023-07-01,149.0,Growth,PayPal,Paid
PAY00941,CUST0140,2023-08-01,149.0,Growth,Bank Transfer,Paid
PAY00942,CUST0140,2023-09-01,149.0,Growth,Bank Transfer,Paid
PAY00943,CUST0140,2023-10-01,499,Growth,Credit Card,Paid
PAY00944,CUST0140,2023-11-01,499,Growth,Bank Transfer,Paid
PAY00945,CUST0140,2023-12-01,499,Growth,Bank Transfer,Paid
PAY00946,CUST0141,2023-10-01,49.0,Starter,PayPal,Paid
PAY00947,CUST0141,2023-11-01,49.0,Starter,Credit Card,Paid
PAY00948,CUST0141,2023-12-01,49.0,Starter,Bank Transfer,Paid
PAY00949,CUST0142,2023-10-01,149.0,Growth,PayPal,Paid
PAY00950,CUST0142,2023-11-01,149.0,Growth,Bank Transfer,Paid
PAY00951,CUST0142,2023-12-01,149.0,Growth,PayPal,Paid
PAY00952,CUST0143,2023-08-01,49.0,Starter,PayPal,Paid
PAY00953,CUST0143,2023-09-01,49.0,Starter,PayPal,Paid
PAY00954,CUST0143,2023-10-01,49.0,Starter,Credit Card,Paid
PAY00955,CUST0143,2023-11-01,49.0,Starter,PayPal,Paid
PAY00956,CUST0143,2023-12-01,49.0,Starter,Bank Transfer,Paid
PAY00957,CUST0144,2023-01-01,49.0,Starter,Bank Transfer,Paid
PAY00958,CUST0144,2023-02-01,49.0,Starter,PayPal,Paid
PAY00959,CUST0144,2023-03-01,49.0,Starter,PayPal,Paid
PAY00960,CUST0144,2023-04-01,49.0,Starter,PayPal,Paid
PAY00961,CUST0144,2023-05-01,49.0,Starter,Credit Card,Paid
PAY00962,CUST0144,2023-06-01,49.0,Starter,PayPal,Paid
PAY00963,CUST0144,2023-07-01,49.0,Starter,Credit Card,Paid
PAY00964,CUST0144,2023-08-01,49.0,Starter,PayPal,Paid
PAY00965,CUST0144,2023-09-01,49.0,Starter,Bank Transfer,Paid
PAY00966,CUST0144,2023-10-01,49.0,Starter,Credit Card,Paid
PAY00967,CUST0144,2023-11-01,49.0,Starter,PayPal,Paid
PAY00968,CUST0144,2023-12-01,49.0,Starter,PayPal,Paid
PAY00969,CUST0145,2023-08-01,49.0,Starter,PayPal,Paid
PAY00970,CUST0145,2023-09-01,49.0,Starter,PayPal,Paid
PAY00971,CUST0145,2023-10-01,49.0,Starter,Bank Transfer,Paid
PAY00972,CUST0145,2023-11-01,49.0,Starter,Credit Card,Paid
PAY00973,CUST0145,2023-12-01,49.0,Starter,PayPal,Paid
PAY00974,CUST0146,2023-08-01,49.0,Starter,Credit Card,Paid
PAY00975,CUST0146,2023-09-01,49.0,Starter,Credit Card,Paid
PAY00976,CUST0146,2023-10-01,49.0,Starter,PayPal,Paid
PAY00977,CUST0146,2023-11-01,49.0,Starter,PayPal,Paid
PAY00978,CUST0146,2023-12-01,49.0,Starter,Credit Card,Paid
PAY00979,CUST0147,2023-01-01,149.0,Growth,Credit Card,Paid
PAY00980,CUST0147,2023-02-01,149.0,Growth,Credit Card,Paid
PAY00981,CUST0147,2023-03-01,149.0,Growth,Bank Transfer,Paid
PAY00982,CUST0147,2023-04-01,149.0,Growth,Bank Transfer,Paid
PAY00983,CUST0147,2023-05-01,149.0,Growth,Bank Transfer,Paid
PAY00984,CUST0147,2023-06-01,149.0,Growth,Credit Card,Paid
PAY00985,CUST0147,2023-07-01,149.0,Growth,Bank Transfer,Paid
PAY00986,CUST0147,2023-08-01,149.0,Growth,PayPal,Paid
PAY00987,CUST0147,2023-09-01,149.0,Growth,Credit Card,Paid
PAY00988,CUST0147,2023-10-01,149.0,Growth,Bank Transfer,Paid
PAY00989,CUST0147,2023-11-01,149.0,Growth,PayPal,Paid
PAY00990,CUST0147,2023-12-01,149.0,Growth,PayPal,Paid
PAY00991,CUST0148,2023-04-01,149.0,Growth,Bank Transfer,Paid
PAY00992,CUST0148,2023-05-01,149.0,Growth,PayPal,Paid
PAY00993,CUST0148,2023-06-01,149.0,Growth,PayPal,Paid
PAY00994,CUST0148,2023-07-01,149.0,Growth,Credit Card,Paid
PAY00995,CUST0148,2023-08-01,149.0,Growth,PayPal,Paid
PAY00996,CUST0148,2023-09-01,149.0,Growth,Credit Card,Paid
PAY00997,CUST0148,2023-10-01,149.0,Growth,PayPal,Paid
PAY00998,CUST0148,2023-11-01,149.0,Growth,Credit Card,Paid
PAY00999,CUST0148,2023-12-01,149.0,Growth,PayPal,Paid
PAY01000,CUST0149,2023-05-01,49.0,Starter,Bank Transfer,Paid
PAY01001,CUST0149,2023-06-01,49.0,Starter,PayPal,Paid
PAY01002,CUST0149,2023-07-01,49.0,Starter,Bank Transfer,Paid
PAY01003,CUST0149,2023-08-01,49.0,Starter,PayPal,Paid
PAY01004,CUST0149,2023-09-01,49.0,Starter,Bank Transfer,Paid
PAY01005,CUST0149,2023-10-01,49.0,Starter,Bank Transfer,Paid
PAY01006,CUST0149,2023-11-01,49.0,Starter,Credit Card,Paid
PAY01007,CUST0149,2023-12-01,49.0,Starter,Bank Transfer,Paid
PAY01008,CUST0150,2023-03-01,49.0,Starter,PayPal,Paid
PAY01009,CUST0150,2023-04-01,49.0,Starter,Bank Transfer,Paid
PAY01010,CUST0150,2023-05-01,49.0,Starter,PayPal,Paid
PAY01011,CUST0150,2023-06-01,49.0,Starter,Bank Transfer,Paid
PAY01012,CUST0150,2023-07-01,49.0,Starter,PayPal,Paid
PAY01013,CUST0150,2023-08-01,49.0,Starter,PayPal,Paid
PAY01014,CUST0150,2023-09-01,49.0,Starter,PayPal,Paid
PAY01015,CUST0150,2023-10-01,49.0,Starter,PayPal,Paid
PAY01016,CUST0150,2023-11-01,49.0,Starter,PayPal,Paid
PAY01017,CUST0150,2023-12-01,49.0,Starter,Bank Transfer,Paid
PAY01018,CUST0151,2023-02-01,149.0,Growth,PayPal,Paid
PAY01019,CUST0151,2023-03-01,149.0,Growth,Bank Transfer,Paid
PAY01020,CUST0151,2023-04-01,149.0,Growth,Credit Card,Paid
PAY01021,CUST0151,2023-05-01,149.0,Growth,Credit Card,Paid
PAY01022,CUST0151,2023-06-01,149.0,Growth,Bank Transfer,Paid
PAY01023,CUST0151,2023-07-01,149.0,Growth,PayPal,Paid
PAY01024,CUST0151,2023-08-01,149.0,Growth,Bank Transfer,Paid
PAY01025,CUST0151,2023-09-01,149.0,Growth,Credit Card,Paid
PAY01026,CUST0151,2023-10-01,149.0,Growth,Bank Transfer,Paid
PAY01027,CUST0151,2023-11-01,149.0,Growth,Bank Transfer,Paid
PAY01028,CUST0151,2023-12-01,149.0,Growth,PayPal,Paid
PAY01029,CUST0152,2023-05-01,149.0,Growth,Credit Card,Paid
PAY01030,CUST0152,2023-06-01,149.0,Growth,PayPal,Paid
PAY01031,CUST0152,2023-07-01,149.0,Growth,PayPal,Paid
PAY01032,CUST0152,2023-08-01,149.0,Growth,Bank Transfer,Paid
PAY01033,CUST0152,2023-09-01,499,Growth,Bank Transfer,Paid
PAY01034,CUST0152,2023-10-01,499,Growth,Bank Transfer,Paid
PAY01035,CUST0152,2023-11-01,499,Growth,Bank Transfer,Paid
PAY01036,CUST0152,2023-12-01,499,Growth,PayPal,Paid
PAY01037,CUST0153,2023-02-01,149.0,Growth,PayPal,Paid
PAY01038,CUST0153,2023-03-01,149.0,Growth,Bank Transfer,Paid
PAY01039,CUST0153,2023-04-01,149.0,Growth,Bank Transfer,Paid
PAY01040,CUST0154,2023-02-01,149.0,Growth,Credit Card,Paid
PAY01041,CUST0154,2023-03-01,149.0,Growth,PayPal,Paid
PAY01042,CUST0154,2023-04-01,149.0,Growth,PayPal,Paid
PAY01043,CUST0154,2023-05-01,149.0,Growth,PayPal,Paid
PAY01044,CUST0154,2023-06-01,149.0,Growth,Bank Transfer,Paid
PAY01045,CUST0154,2023-07-01,149.0,Growth,Bank Transfer,Paid
PAY01046,CUST0154,2023-08-01,149.0,Growth,Bank Transfer,Paid
PAY01047,CUST0154,2023-09-01,149.0,Growth,Credit Card,Paid
PAY01048,CUST0154,2023-10-01,149.0,Growth,Bank Transfer,Paid
PAY01049,CUST0154,2023-11-01,149.0,Growth,Credit Card,Paid
PAY01050,CUST0154,2023-12-01,149.0,Growth,Bank Transfer,Paid
PAY01051,CUST0155,2023-07-01,49.0,Starter,PayPal,Paid
PAY01052,CUST0155,2023-08-01,49.0,Starter,Credit Card,Paid
PAY01053,CUST0155,2023-09-01,49.0,Starter,Bank Transfer,Paid
PAY01054,CUST0155,2023-10-01,49.0,Starter,Bank Transfer,Paid
PAY01055,CUST0156,2023-05-01,49.0,Starter,PayPal,Paid
PAY01056,CUST0156,2023-06-01,49.0,Starter,Bank Transfer,Paid
PAY01057,CUST0156,2023-07-01,49.0,Starter,PayPal,Paid
PAY01058,CUST0156,2023-08-01,49.0,Starter,Bank Transfer,Paid
PAY01059,CUST0156,2023-09-01,49.0,Starter,Credit Card,Paid
PAY01060,CUST0156,2023-10-01,49.0,Starter,Credit Card,Paid
PAY01061,CUST0156,2023-11-01,49.0,Starter,PayPal,Paid
PAY01062,CUST0156,2023-12-01,49.0,Starter,Bank Transfer,Paid
PAY01063,CUST0157,2023-03-01,149.0,Growth,PayPal,Paid
PAY01064,CUST0157,2023-04-01,149.0,Growth,PayPal,Paid
PAY01065,CUST0157,2023-05-01,149.0,Growth,Bank Transfer,Paid
PAY01066,CUST0157,2023-06-01,149.0,Growth,Credit Card,Paid
PAY01067,CUST0157,2023-07-01,149.0,Growth,Credit Card,Paid
PAY01068,CUST0157,2023-08-01,149.0,Growth,PayPal,Paid
PAY01069,CUST0157,2023-09-01,149.0,Growth,PayPal,Paid
PAY01070,CUST0157,2023-10-01,149.0,Growth,PayPal,Paid
PAY01071,CUST0158,2023-09-01,49.0,Starter,Credit Card,Paid
PAY01072,CUST0158,2023-10-01,49.0,Starter,Credit Card,Paid
PAY01073,CUST0158,2023-11-01,49.0,Starter,Credit Card,Paid
PAY01074,CUST0158,2023-12-01,49.0,Starter,PayPal,Paid
PAY01075,CUST0159,2023-09-01,149.0,Growth,PayPal,Paid
PAY01076,CUST0159,2023-10-01,149.0,Growth,Credit Card,Paid
PAY01077,CUST0159,2023-11-01,149.0,Growth,PayPal,Paid
PAY01078,CUST0159,2023-12-01,149.0,Growth,Credit Card,Paid
PAY01079,CUST0160,2023-09-01,49.0,Starter,Credit Card,Paid
PAY01080,CUST0160,2023-10-01,49.0,Starter,Credit Card,Paid
PAY01081,CUST0160,2023-11-01,49.0,Starter,Bank Transfer,Paid
PAY01082,CUST0160,2023-12-01,49.0,Starter,Bank Transfer,Paid
PAY01083,CUST0161,2023-08-01,149.0,Growth,PayPal,Paid
PAY01084,CUST0161,2023-09-01,149.0,Growth,Bank Transfer,Paid
PAY01085,CUST0161,2023-10-01,149.0,Growth,Credit Card,Paid
PAY01086,CUST0161,2023-11-01,149.0,Growth,PayPal,Paid
PAY01087,CUST0161,2023-12-01,149.0,Growth,Credit Card,Paid
PAY01088,CUST0162,2023-09-01,499.0,Enterprise,Credit Card,Paid
PAY01089,CUST0162,2023-10-01,499.0,Enterprise,PayPal,Paid
PAY01090,CUST0162,2023-11-01,499.0,Enterprise,Credit Card,Paid
PAY01091,CUST0162,2023-12-01,499.0,Enterprise,Bank Transfer,Paid
PAY01092,CUST0163,2023-10-01,149.0,Growth,PayPal,Paid
PAY01093,CUST0163,2023-11-01,149.0,Growth,Bank Transfer,Paid
PAY01094,CUST0163,2023-12-01,149.0,Growth,Bank Transfer,Paid
PAY01095,CUST0164,2023-05-01,49.0,Starter,PayPal,Paid
PAY01096,CUST0164,2023-06-01,49.0,Starter,Credit Card,Paid
PAY01097,CUST0164,2023-07-01,49.0,Starter,Bank Transfer,Paid
PAY01098,CUST0164,2023-08-01,49.0,Starter,Bank Transfer,Paid
PAY01099,CUST0164,2023-09-01,49.0,Starter,Bank Transfer,Paid
PAY01100,CUST0164,2023-10-01,49.0,Starter,PayPal,Paid
PAY01101,CUST0164,2023-11-01,49.0,Starter,Credit Card,Paid
PAY01102,CUST0164,2023-12-01,49.0,Starter,Credit Card,Paid
PAY01103,CUST0165,2023-05-01,499.0,Enterprise,PayPal,Paid
PAY01104,CUST0165,2023-06-01,499.0,Enterprise,PayPal,Paid
PAY01105,CUST0165,2023-07-01,499.0,Enterprise,Credit Card,Paid
PAY01106,CUST0165,2023-08-01,499.0,Enterprise,PayPal,Paid
PAY01107,CUST0165,2023-09-01,499.0,Enterprise,PayPal,Paid
PAY01108,CUST0165,2023-10-01,499.0,Enterprise,PayPal,Paid
PAY01109,CUST0165,2023-11-01,499.0,Enterprise,Credit Card,Paid
PAY01110,CUST0165,2023-12-01,499.0,Enterprise,Credit Card,Paid
PAY01111,CUST0166,2023-10-01,149.0,Growth,Bank Transfer,Paid
PAY01112,CUST0166,2023-11-01,149.0,Growth,Credit Card,Paid
PAY01113,CUST0166,2023-12-01,149.0,Growth,Credit Card,Paid
PAY01114,CUST0167,2023-01-01,49.0,Starter,Bank Transfer,Paid
PAY01115,CUST0167,2023-02-01,49.0,Starter,Bank Transfer,Paid
PAY01116,CUST0168,2023-09-01,49.0,Starter,Credit Card,Paid
PAY01117,CUST0168,2023-10-01,49.0,Starter,PayPal,Paid
PAY01118,CUST0168,2023-11-01,49.0,Starter,Bank Transfer,Paid
PAY01119,CUST0168,2023-12-01,49.0,Starter,Credit Card,Paid
PAY01120,CUST0169,2023-05-01,499.0,Enterprise,Credit Card,Paid
PAY01121,CUST0169,2023-06-01,499.0,Enterprise,Bank Transfer,Paid
PAY01122,CUST0169,2023-07-01,499.0,Enterprise,PayPal,Paid
PAY01123,CUST0169,2023-08-01,499.0,Enterprise,PayPal,Paid
PAY01124,CUST0169,2023-09-01,499.0,Enterprise,Credit Card,Paid
PAY01125,CUST0169,2023-10-01,499.0,Enterprise,Bank Transfer,Paid
PAY01126,CUST0169,2023-11-01,499.0,Enterprise,Bank Transfer,Paid
PAY01127,CUST0169,2023-12-01,499.0,Enterprise,Bank Transfer,Paid
PAY01128,CUST0170,2023-01-01,149.0,Growth,PayPal,Paid
PAY01129,CUST0170,2023-02-01,149.0,Growth,PayPal,Paid
PAY01130,CUST0170,2023-03-01,499,Growth,PayPal,Paid
PAY01131,CUST0170,2023-04-01,499,Growth,Bank Transfer,Paid
PAY01132,CUST0170,2023-05-01,499,Growth,Credit Card,Paid
PAY01133,CUST0170,2023-06-01,499,Growth,PayPal,Paid
PAY01134,CUST0170,2023-07-01,499,Growth,Bank Transfer,Paid
PAY01135,CUST0170,2023-08-01,499,Growth,Bank Transfer,Paid
PAY01136,CUST0170,2023-09-01,499,Growth,Credit Card,Paid
PAY01137,CUST0170,2023-10-01,499,Growth,Credit Card,Paid
PAY01138,CUST0170,2023-11-01,499,Growth,Bank Transfer,Paid
PAY01139,CUST0170,2023-12-01,499,Growth,Credit Card,Paid
PAY01140,CUST0171,2023-05-01,149.0,Growth,PayPal,Paid
PAY01141,CUST0171,2023-06-01,149.0,Growth,Bank Transfer,Paid
PAY01142,CUST0171,2023-07-01,149.0,Growth,PayPal,Paid
PAY01143,CUST0171,2023-08-01,149.0,Growth,Bank Transfer,Paid
PAY01144,CUST0171,2023-09-01,149.0,Growth,PayPal,Paid
PAY01145,CUST0172,2023-05-01,149.0,Growth,Credit Card,Paid
PAY01146,CUST0172,2023-06-01,149.0,Growth,Credit Card,Paid
PAY01147,CUST0172,2023-07-01,149.0,Growth,PayPal,Paid
PAY01148,CUST0172,2023-08-01,149.0,Growth,Bank Transfer,Paid
PAY01149,CUST0172,2023-09-01,149.0,Growth,Bank Transfer,Paid
PAY01150,CUST0172,2023-10-01,149.0,Growth,PayPal,Paid
PAY01151,CUST0172,2023-11-01,149.0,Growth,PayPal,Paid
PAY01152,CUST0172,2023-12-01,149.0,Growth,Credit Card,Paid
PAY01153,CUST0173,2023-01-01,49.0,Starter,Credit Card,Paid
PAY01154,CUST0173,2023-02-01,49.0,Starter,PayPal,Paid
PAY01155,CUST0173,2023-03-01,49.0,Starter,PayPal,Paid
PAY01156,CUST0173,2023-04-01,49.0,Starter,Bank Transfer,Paid
PAY01157,CUST0173,2023-05-01,49.0,Starter,Bank Transfer,Paid
PAY01158,CUST0173,2023-06-01,49.0,Starter,PayPal,Paid
PAY01159,CUST0173,2023-07-01,49.0,Starter,Bank Transfer,Paid
PAY01160,CUST0173,2023-08-01,49.0,Starter,Credit Card,Paid
PAY01161,CUST0173,2023-09-01,49.0,Starter,Bank Transfer,Paid
PAY01162,CUST0173,2023-10-01,49.0,Starter,PayPal,Paid
PAY01163,CUST0173,2023-11-01,49.0,Starter,Credit Card,Paid
PAY01164,CUST0173,2023-12-01,49.0,Starter,Credit Card,Paid
PAY01165,CUST0174,2023-05-01,49.0,Starter,Credit Card,Paid
PAY01166,CUST0174,2023-06-01,49.0,Starter,Bank Transfer,Paid
PAY01167,CUST0174,2023-07-01,49.0,Starter,Bank Transfer,Paid
PAY01168,CUST0174,2023-08-01,49.0,Starter,Credit Card,Paid
PAY01169,CUST0174,2023-09-01,49.0,Starter,Credit Card,Paid
PAY01170,CUST0174,2023-10-01,49.0,Starter,Bank Transfer,Paid
PAY01171,CUST0174,2023-11-01,149,Starter,Bank Transfer,Paid
PAY01172,CUST0174,2023-12-01,149,Starter,Credit Card,Paid
PAY01173,CUST0175,2023-10-01,149.0,Growth,Bank Transfer,Paid
PAY01174,CUST0175,2023-11-01,149.0,Growth,Bank Transfer,Paid
PAY01175,CUST0175,2023-12-01,149.0,Growth,Bank Transfer,Paid
PAY01176,CUST0176,2023-10-01,49.0,Starter,Bank Transfer,Paid
PAY01177,CUST0176,2023-11-01,49.0,Starter,PayPal,Paid
PAY01178,CUST0176,2023-12-01,49.0,Starter,PayPal,Paid
PAY01179,CUST0177,2023-06-01,49.0,Starter,PayPal,Paid
PAY01180,CUST0177,2023-07-01,49.0,Starter,Credit Card,Paid
PAY01181,CUST0177,2023-08-01,49.0,Starter,Bank Transfer,Paid
PAY01182,CUST0177,2023-09-01,49.0,Starter,PayPal,Paid
PAY01183,CUST0177,2023-10-01,49.0,Starter,Bank Transfer,Paid
PAY01184,CUST0177,2023-11-01,49.0,Starter,PayPal,Paid
PAY01185,CUST0177,2023-12-01,49.0,Starter,Credit Card,Paid
PAY01186,CUST0178,2023-04-01,49.0,Starter,Credit Card,Paid
PAY01187,CUST0178,2023-05-01,49.0,Starter,PayPal,Paid
PAY01188,CUST0178,2023-06-01,49.0,Starter,Credit Card,Paid
PAY01189,CUST0178,2023-07-01,49.0,Starter,Bank Transfer,Paid
PAY01190,CUST0178,2023-08-01,49.0,Starter,Bank Transfer,Paid
PAY01191,CUST0178,2023-09-01,49.0,Starter,Credit Card,Paid
PAY01192,CUST0178,2023-10-01,49.0,Starter,Bank Transfer,Paid
PAY01193,CUST0178,2023-11-01,49.0,Starter,PayPal,Paid
PAY01194,CUST0178,2023-12-01,49.0,Starter,PayPal,Paid
PAY01195,CUST0179,2023-04-01,149.0,Growth,PayPal,Paid
PAY01196,CUST0179,2023-05-01,149.0,Growth,Bank Transfer,Paid
PAY01197,CUST0179,2023-06-01,149.0,Growth,PayPal,Paid
PAY01198,CUST0179,2023-07-01,149.0,Growth,Credit Card,Paid
PAY01199,CUST0179,2023-08-01,149.0,Growth,PayPal,Paid
PAY01200,CUST0179,2023-09-01,149.0,Growth,Bank Transfer,Paid
PAY01201,CUST0180,2023-09-01,149.0,Growth,Bank Transfer,Paid
PAY01202,CUST0180,2023-10-01,149.0,Growth,PayPal,Paid
PAY01203,CUST0180,2023-11-01,149.0,Growth,Credit Card,Paid
PAY01204,CUST0180,2023-12-01,149.0,Growth,Credit Card,Paid
PAY01205,CUST0181,2023-06-01,49.0,Starter,Credit Card,Paid
PAY01206,CUST0181,2023-07-01,49.0,Starter,Bank Transfer,Paid
PAY01207,CUST0181,2023-08-01,49.0,Starter,Credit Card,Paid
PAY01208,CUST0181,2023-09-01,49.0,Starter,Bank Transfer,Paid
PAY01209,CUST0181,2023-10-01,49.0,Starter,PayPal,Paid
PAY01210,CUST0181,2023-11-01,49.0,Starter,PayPal,Paid
PAY01211,CUST0181,2023-12-01,49.0,Starter,Bank Transfer,Paid
PAY01212,CUST0182,2023-01-01,149.0,Growth,Bank Transfer,Paid
PAY01213,CUST0182,2023-02-01,149.0,Growth,PayPal,Paid
PAY01214,CUST0182,2023-03-01,499,Growth,PayPal,Paid
PAY01215,CUST0182,2023-04-01,499,Growth,Bank Transfer,Paid
PAY01216,CUST0182,2023-05-01,499,Growth,PayPal,Paid
PAY01217,CUST0182,2023-06-01,499,Growth,PayPal,Paid
PAY01218,CUST0182,2023-07-01,499,Growth,Credit Card,Paid
PAY01219,CUST0182,2023-08-01,499,Growth,Credit Card,Paid
PAY01220,CUST0182,2023-09-01,499,Growth,PayPal,Paid
PAY01221,CUST0182,2023-10-01,499,Growth,PayPal,Paid
PAY01222,CUST0182,2023-11-01,499,Growth,Credit Card,Paid
PAY01223,CUST0182,2023-12-01,499,Growth,PayPal,Paid
PAY01224,CUST0183,2023-01-01,499.0,Enterprise,Bank Transfer,Paid
PAY01225,CUST0183,2023-02-01,499.0,Enterprise,PayPal,Paid
PAY01226,CUST0183,2023-03-01,499.0,Enterprise,PayPal,Paid
PAY01227,CUST0183,2023-04-01,499.0,Enterprise,Bank Transfer,Paid
PAY01228,CUST0183,2023-05-01,499.0,Enterprise,Credit Card,Paid
PAY01229,CUST0183,2023-06-01,499.0,Enterprise,PayPal,Paid
PAY01230,CUST0183,2023-07-01,499.0,Enterprise,Credit Card,Paid
PAY01231,CUST0183,2023-08-01,499.0,Enterprise,Credit Card,Paid
PAY01232,CUST0183,2023-09-01,499.0,Enterprise,PayPal,Paid
PAY01233,CUST0183,2023-10-01,499.0,Enterprise,PayPal,Paid
PAY01234,CUST0183,2023-11-01,499.0,Enterprise,Credit Card,Paid
PAY01235,CUST0183,2023-12-01,499.0,Enterprise,PayPal,Paid
PAY01236,CUST0184,2023-03-01,149.0,Growth,PayPal,Paid
PAY01237,CUST0184,2023-04-01,149.0,Growth,Credit Card,Paid
PAY01238,CUST0184,2023-05-01,149.0,Growth,Credit Card,Paid
PAY01239,CUST0184,2023-06-01,149.0,Growth,Bank Transfer,Paid
PAY01240,CUST0184,2023-07-01,149.0,Growth,PayPal,Paid
PAY01241,CUST0184,2023-08-01,149.0,Growth,Bank Transfer,Paid
PAY01242,CUST0184,2023-09-01,149.0,Growth,Credit Card,Paid
PAY01243,CUST0185,2023-01-01,149.0,Growth,PayPal,Paid
PAY01244,CUST0185,2023-02-01,149.0,Growth,Credit Card,Paid
PAY01245,CUST0185,2023-03-01,149.0,Growth,PayPal,Paid
PAY01246,CUST0185,2023-04-01,149.0,Growth,PayPal,Paid
PAY01247,CUST0185,2023-05-01,149.0,Growth,Bank Transfer,Paid
PAY01248,CUST0185,2023-06-01,149.0,Growth,Credit Card,Paid
PAY01249,CUST0185,2023-07-01,149.0,Growth,PayPal,Paid
PAY01250,CUST0185,2023-08-01,149.0,Growth,Bank Transfer,Paid
PAY01251,CUST0185,2023-09-01,149.0,Growth,Credit Card,Paid
PAY01252,CUST0185,2023-10-01,149.0,Growth,Bank Transfer,Paid
PAY01253,CUST0185,2023-11-01,149.0,Growth,Credit Card,Paid
PAY01254,CUST0185,2023-12-01,149.0,Growth,PayPal,Paid
PAY01255,CUST0186,2023-08-01,49.0,Starter,Bank Transfer,Paid
PAY01256,CUST0186,2023-09-01,49.0,Starter,Bank Transfer,Paid
PAY01257,CUST0186,2023-10-01,49.0,Starter,PayPal,Paid
PAY01258,CUST0186,2023-11-01,49.0,Starter,Credit Card,Paid
PAY01259,CUST0186,2023-12-01,49.0,Starter,PayPal,Paid
PAY01260,CUST0187,2023-09-01,49.0,Starter,Bank Transfer,Paid
PAY01261,CUST0187,2023-10-01,49.0,Starter,PayPal,Paid
PAY01262,CUST0187,2023-11-01,49.0,Starter,Bank Transfer,Paid
PAY01263,CUST0187,2023-12-01,49.0,Starter,PayPal,Paid
PAY01264,CUST0188,2023-09-01,49.0,Starter,Credit Card,Paid
PAY01265,CUST0188,2023-10-01,49.0,Starter,Bank Transfer,Paid
PAY01266,CUST0188,2023-11-01,49.0,Starter,Bank Transfer,Paid
PAY01267,CUST0188,2023-12-01,149,Starter,Credit Card,Paid
PAY01268,CUST0189,2023-03-01,149.0,Growth,PayPal,Paid
PAY01269,CUST0189,2023-04-01,149.0,Growth,Credit Card,Paid
PAY01270,CUST0189,2023-05-01,149.0,Growth,PayPal,Paid
PAY01271,CUST0189,2023-06-01,149.0,Growth,Credit Card,Paid
PAY01272,CUST0189,2023-07-01,149.0,Growth,Credit Card,Paid
PAY01273,CUST0189,2023-08-01,149.0,Growth,Bank Transfer,Paid
PAY01274,CUST0189,2023-09-01,149.0,Growth,Bank Transfer,Paid
PAY01275,CUST0189,2023-10-01,149.0,Growth,PayPal,Paid
PAY01276,CUST0189,2023-11-01,149.0,Growth,Credit Card,Paid
PAY01277,CUST0189,2023-12-01,149.0,Growth,PayPal,Paid
PAY01278,CUST0190,2023-05-01,49.0,Starter,Credit Card,Paid
PAY01279,CUST0190,2023-06-01,49.0,Starter,Credit Card,Paid
PAY01280,CUST0190,2023-07-01,49.0,Starter,Bank Transfer,Paid
PAY01281,CUST0190,2023-08-01,49.0,Starter,Credit Card,Paid
PAY01282,CUST0190,2023-09-01,49.0,Starter,Bank Transfer,Paid
PAY01283,CUST0190,2023-10-01,49.0,Starter,Bank Transfer,Paid
PAY01284,CUST0190,2023-11-01,49.0,Starter,Credit Card,Paid
PAY01285,CUST0190,2023-12-01,49.0,Starter,Credit Card,Paid
PAY01286,CUST0191,2023-04-01,149.0,Growth,PayPal,Paid
PAY01287,CUST0191,2023-05-01,149.0,Growth,PayPal,Paid
PAY01288,CUST0191,2023-06-01,149.0,Growth,PayPal,Paid
PAY01289,CUST0191,2023-07-01,149.0,Growth,Bank Transfer,Paid
PAY01290,CUST0191,2023-08-01,149.0,Growth,Bank Transfer,Paid
PAY01291,CUST0191,2023-09-01,149.0,Growth,Bank Transfer,Paid
PAY01292,CUST0192,2023-08-01,49.0,Starter,Bank Transfer,Paid
PAY01293,CUST0192,2023-09-01,49.0,Starter,Bank Transfer,Paid
PAY01294,CUST0192,2023-10-01,49.0,Starter,Bank Transfer,Paid
PAY01295,CUST0192,2023-11-01,49.0,Starter,Credit Card,Paid
PAY01296,CUST0192,2023-12-01,49.0,Starter,PayPal,Paid
PAY01297,CUST0193,2023-10-01,149.0,Growth,PayPal,Paid
PAY01298,CUST0193,2023-11-01,149.0,Growth,PayPal,Paid
PAY01299,CUST0193,2023-12-01,149.0,Growth,Credit Card,Paid
PAY01300,CUST0194,2023-04-01,49.0,Starter,PayPal,Paid
PAY01301,CUST0194,2023-05-01,49.0,Starter,Bank Transfer,Paid
PAY01302,CUST0194,2023-06-01,49.0,Starter,Credit Card,Paid
PAY01303,CUST0194,2023-07-01,49.0,Starter,Credit Card,Paid
PAY01304,CUST0194,2023-08-01,49.0,Starter,PayPal,Paid
PAY01305,CUST0194,2023-09-01,49.0,Starter,Bank Transfer,Paid
PAY01306,CUST0194,2023-10-01,49.0,Starter,PayPal,Paid
PAY01307,CUST0194,2023-11-01,49.0,Starter,Credit Card,Paid
PAY01308,CUST0194,2023-12-01,49.0,Starter,PayPal,Paid
PAY01309,CUST0195,2023-05-01,49.0,Starter,Credit Card,Paid
PAY01310,CUST0195,2023-06-01,49.0,Starter,Credit Card,Paid
PAY01311,CUST0195,2023-07-01,49.0,Starter,Credit Card,Paid
PAY01312,CUST0195,2023-08-01,49.0,Starter,Bank Transfer,Paid
PAY01313,CUST0195,2023-09-01,49.0,Starter,Bank Transfer,Paid
PAY01314,CUST0195,2023-10-01,49.0,Starter,PayPal,Paid
PAY01315,CUST0195,2023-11-01,49.0,Starter,PayPal,Paid
PAY01316,CUST0195,2023-12-01,49.0,Starter,PayPal,Paid
PAY01317,CUST0196,2023-01-01,49.0,Starter,Bank Transfer,Paid
PAY01318,CUST0196,2023-02-01,49.0,Starter,PayPal,Paid
PAY01319,CUST0196,2023-03-01,49.0,Starter,Bank Transfer,Paid
PAY01320,CUST0196,2023-04-01,49.0,Starter,Credit Card,Paid
PAY01321,CUST0196,2023-05-01,49.0,Starter,Credit Card,Paid
PAY01322,CUST0196,2023-06-01,49.0,Starter,Bank Transfer,Paid
PAY01323,CUST0196,2023-07-01,49.0,Starter,Bank Transfer,Paid
PAY01324,CUST0196,2023-08-01,49.0,Starter,Credit Card,Paid
PAY01325,CUST0196,2023-09-01,49.0,Starter,Bank Transfer,Paid
PAY01326,CUST0196,2023-10-01,49.0,Starter,Credit Card,Paid
PAY01327,CUST0196,2023-11-01,49.0,Starter,PayPal,Paid
PAY01328,CUST0196,2023-12-01,49.0,Starter,Credit Card,Paid
PAY01329,CUST0197,2023-01-01,49.0,Starter,Credit Card,Paid
PAY01330,CUST0197,2023-02-01,49.0,Starter,PayPal,Paid
PAY01331,CUST0197,2023-03-01,49.0,Starter,Bank Transfer,Paid
PAY01332,CUST0197,2023-04-01,149,Starter,PayPal,Paid
PAY01333,CUST0197,2023-05-01,149,Starter,Credit Card,Paid
PAY01334,CUST0197,2023-06-01,149,Starter,Credit Card,Paid
PAY01335,CUST0197,2023-07-01,149,Starter,Credit Card,Paid
PAY01336,CUST0197,2023-08-01,149,Starter,Credit Card,Paid
PAY01337,CUST0197,2023-09-01,149,Starter,Credit Card,Paid
PAY01338,CUST0197,2023-10-01,149,Starter,PayPal,Paid
PAY01339,CUST0197,2023-11-01,149,Starter,Credit Card,Paid
PAY01340,CUST0197,2023-12-01,149,Starter,Bank Transfer,Paid
PAY01341,CUST0198,2023-08-01,49.0,Starter,PayPal,Paid
PAY01342,CUST0198,2023-09-01,49.0,Starter,PayPal,Paid
PAY01343,CUST0198,2023-10-01,49.0,Starter,PayPal,Paid
PAY01344,CUST0199,2023-04-01,49.0,Starter,Credit Card,Paid
PAY01345,CUST0199,2023-05-01,49.0,Starter,Credit Card,Paid
PAY01346,CUST0199,2023-06-01,49.0,Starter,PayPal,Paid
PAY01347,CUST0199,2023-07-01,49.0,Starter,Credit Card,Paid
PAY01348,CUST0199,2023-08-01,49.0,Starter,Bank Transfer,Paid
PAY01349,CUST0199,2023-09-01,49.0,Starter,Bank Transfer,Paid
PAY01350,CUST0199,2023-10-01,49.0,Starter,Credit Card,Paid
PAY01351,CUST0199,2023-11-01,49.0,Starter,PayPal,Paid
PAY01352,CUST0199,2023-12-01,49.0,Starter,Credit Card,Paid
PAY01353,CUST0200,2023-03-01,499.0,Enterprise,Credit Card,Paid
PAY01354,CUST0200,2023-04-01,499.0,Enterprise,Credit Card,Paid
PAY01355,CUST0200,2023-05-01,499.0,Enterprise,PayPal,Paid
